place,gender,city,state,country,split_1,split_2,split_3,split_4,split_5,split_6,split_7,split_8,split_9,split_10,split_11,split_12,split_13,split_14,split_15,split_16,split_17,split_18,split_19,split_20,half_maraton_time,avg_pace,age
1,M,Huntsville,AL,US,1:45,1:46,3:20,3:19,4:02,3:52,3:51,4:03,4:03,4:06,4:12,4:10,4:12,4:11,4:00,4:10,4:08,4:11,4:07,6:00,17:28.1,5:55,36
2,M,Huntsville,AL,US,1:45,1:46,3:19,3:18,4:04,4:05,4:17,4:22,4:27,4:28,4:25,4:26,4:32,4:16,4:08,4:00,4:10,4:09,4:14,4:24,18:33.3,6:00,38
3,M,Madison,AL,US,1:48,1:51,3:21,3:25,4:12,4:13,4:23,4:19,4:20,4:18,4:21,4:19,4:25,4:26,4:22,4:19,4:19,4:20,4:17,4:12,19:29.2,6:04,37
4,M,Huntsville,AL,US,1:49,1:56,3:28,3:26,4:16,4:13,4:13,4:18,4:18,4:20,4:23,4:31,4:29,4:34,4:32,4:38,4:43,4:47,4:51,4:40,22:23.8,6:17,34
5,M,Huntsville,AL,US,1:49,1:56,3:27,3:26,4:16,4:13,4:14,4:18,4:17,4:20,4:24,4:30,4:37,4:43,4:42,4:49,4:34,4:51,4:56,5:03,23:23.4,6:22,19
6,F,Huntsville,AL,US,1:54,1:56,3:35,4:34,4:29,4:31,4:31,4:33,4:33,4:36,4:34,4:35,4:38,4:38,4:35,4:34,4:35,4:36,4:36,4:48,25:22.0,6:31,28
7,M,Huntsville,AL,US,1:55,1:56,3:35,4:34,4:29,4:31,4:31,4:33,4:33,4:36,4:34,4:36,4:37,4:38,4:35,4:35,4:35,4:44,4:36,4:48,25:32.0,6:32,27
8,M,Huntsville,AL,US,2:08,1:58,3:42,4:37,4:39,4:48,4:48,4:46,4:51,4:54,4:50,4:34,4:27,4:33,4:33,4:24,4:18,4:33,4:38,4:31,26:30.2,6:36,16
9,M,Madison,AL,US,1:51,1:55,3:27,3:24,4:15,8:31,4:19,4:19,4:21,4:22,8:45,4:21,4:24,4:25,4:23,4:22,4:20,4:22,4:17,2:38,27:02.7,6:39,29
10,M,Madison,AL,US,1:56,1:58,3:35,4:32,4:31,4:31,4:34,4:34,4:39,4:43,4:45,4:46,4:46,4:45,4:46,4:47,4:46,4:43,4:49,4:43,27:08.4,6:39,28
11,M,Madison,AL,US,2:02,2:05,3:45,4:44,4:40,4:43,4:40,4:37,4:43,4:44,4:54,4:49,4:50,5:00,4:57,4:49,4:54,4:56,4:50,4:31,29:12.0,6:49,17
12,M,Hazel Green,AL,US,2:27,2:13,4:01,4:45,4:38,4:49,4:47,4:55,4:52,4:51,4:50,4:53,4:55,4:55,4:45,4:35,4:35,4:37,4:47,5:05,30:13.5,6:53,35
13,M,Chattanooga,TN,US,1:55,1:57,3:34,4:35,4:38,4:40,4:46,4:41,4:47,4:53,4:52,4:54,5:02,4:57,4:57,4:53,4:57,5:04,5:08,5:06,30:16.2,6:53,44
14,M,Auburn,AL,US,2:01,2:05,3:45,4:35,4:40,4:49,4:50,4:49,4:55,4:54,4:55,4:55,4:54,4:55,4:59,4:53,4:54,4:59,5:02,5:04,30:52.4,6:56,39
15,F,Myrtle Beach,SC,US,2:04,2:10,3:59,4:52,4:56,4:53,4:53,4:57,5:01,5:02,5:06,5:07,5:04,5:04,5:01,5:11,5:09,4:57,5:16,2:21,31:03.4,6:57,47
16,M,Huntsville,AL,US,2:09,2:11,4:13,4:57,4:49,4:52,4:52,4:55,4:51,4:52,4:56,4:53,4:58,4:53,4:53,4:51,4:50,4:47,4:42,4:43,31:06.6,6:57,25
17,M,Huntsville,AL,US,2:11,2:03,3:52,4:42,4:52,4:47,4:52,4:53,4:54,4:52,4:54,4:53,4:59,4:58,4:58,4:58,5:01,5:03,5:04,5:03,31:49.9,7:01,38
18,M,Birmingham,AL,US,2:11,2:10,4:16,5:08,5:05,5:09,5:12,5:10,5:15,5:35,5:32,5:40,5:32,5:17,5:14,5:16,5:20,5:29,2:22,2:13,33:08.0,7:07,25
19,M,Decatur,AL,US,2:00,1:59,3:37,4:35,4:44,4:50,4:58,4:59,4:56,5:08,5:02,5:02,5:13,5:01,5:05,5:10,5:10,5:12,5:10,5:17,33:09.2,7:07,39
20,M,Madison,AL,US,2:38,2:27,4:24,5:13,5:05,5:02,5:15,5:03,5:01,5:07,5:01,5:03,4:59,4:57,5:03,5:00,4:54,4:59,4:48,4:43,34:40.6,7:14,33
21,M,Madison,AL,US,2:10,2:11,4:15,5:01,4:59,4:58,5:06,5:07,5:14,5:10,5:08,5:03,5:09,5:17,5:09,5:13,5:14,5:12,4:58,4:53,35:25.4,7:17,28
22,M,New Market,AL,US,2:09,2:07,4:16,5:06,5:06,5:09,5:12,5:09,5:09,5:10,5:15,5:17,5:26,5:10,5:03,5:02,5:09,5:02,5:09,5:05,36:13.5,7:21,64
23,M,Hazel Green,AL,US,2:10,2:09,4:16,5:08,5:05,5:08,5:13,5:09,5:10,5:10,5:15,5:17,5:26,5:10,5:03,4:58,4:56,4:59,4:17,6:39,36:40.4,7:23,14
24,F,Tifton,GA,US,2:10,2:10,4:15,5:09,5:05,5:09,5:12,5:09,5:09,5:10,5:15,5:18,5:26,5:10,5:04,4:58,4:55,4:59,4:45,6:13,36:41.6,7:23,23
25,M,New Market,AL,US,2:12,2:11,4:14,5:07,5:07,5:07,5:12,5:09,5:09,5:10,5:16,5:18,5:26,5:10,5:02,5:00,5:03,5:13,5:14,5:26,36:45.2,7:23,25
26,M,Huntsville,AL,US,2:08,2:10,4:09,5:03,5:00,5:04,5:05,5:02,5:03,5:02,5:06,5:12,5:10,5:14,5:15,5:21,5:22,5:32,5:28,5:30,36:57.7,7:24,25
27,M,Madison,AL,US,2:01,2:12,3:56,4:55,5:02,5:06,4:56,5:00,5:06,5:17,15:47,5:14,16:16,11:06,5:12,0:00,0:00,0:00,0:00,,37:06.0,7:25,59
28,M,Boaz,AL,US,2:20,2:27,4:12,5:10,5:24,5:23,5:20,5:15,5:09,5:13,5:16,5:10,5:07,5:11,5:06,5:02,4:58,5:13,5:00,5:15,37:09.6,7:25,48
29,M,Huntsville,AL,US,2:27,2:17,4:17,5:08,5:09,5:13,5:09,5:15,5:14,5:07,5:17,5:08,5:19,5:15,5:07,5:11,5:18,5:15,5:14,5:08,37:30.3,7:27,46
30,M,Baileyton,AL,US,2:55,4:23,4:51,4:44,4:47,4:52,4:47,4:50,4:51,4:45,4:50,4:52,4:44,4:49,4:50,9:57,5:08,5:19,5:15,2:05,37:32.9,7:27,19
31,M,Ooltewah,TN,US,2:25,2:22,4:30,5:18,5:09,5:14,5:15,5:15,5:10,5:14,5:12,5:10,5:09,5:10,5:05,5:06,5:09,5:10,5:17,5:22,37:43.6,7:28,47
32,M,Gurley,AL,US,2:13,2:10,4:16,5:10,5:09,5:07,5:13,5:10,5:11,5:09,5:12,5:14,5:26,5:17,5:19,5:23,5:18,5:20,5:22,5:28,38:07.2,7:29,38
33,F,Huntsville,AL,US,,,,,,,,,,,,,,,,,,,,,38:17.0,7:30,44
33,M,Huntsville,AL,US,2:02,2:05,3:46,4:51,5:06,5:10,5:10,5:13,5:20,5:22,5:21,5:23,5:26,5:34,5:28,5:29,5:30,5:29,5:28,5:08,38:18.6,7:30,48
34,M,Fitchburg,WI,US,2:31,2:23,4:40,5:18,5:16,5:15,5:12,5:13,5:12,5:11,5:10,5:13,5:16,5:16,5:16,5:19,5:18,5:22,5:24,5:17,39:01.4,7:34,44
35,M,Huntsville,AL,US,1:08,0:20,0:20,2:07,2:01,3:08,5:24,5:16,5:08,5:10,5:10,5:12,5:15,5:21,5:26,5:26,5:14,5:19,5:15,21:22,39:02.6,7:34,23
36,M,La Vergne,TN,US,2:06,2:11,3:57,4:53,5:01,5:04,5:01,5:06,5:13,5:14,5:23,5:24,5:21,5:29,6:00,5:35,5:32,5:32,5:39,5:32,39:13.5,7:34,23
37,M,Meridianville,AL,US,2:39,2:23,4:05,5:05,5:07,5:16,5:22,5:15,5:12,5:16,5:22,5:27,5:22,5:25,5:32,5:27,5:25,5:19,5:05,5:13,39:15.8,7:35,33
38,M,Huntsville,AL,US,2:08,2:01,3:42,4:53,5:13,5:07,5:23,5:17,5:28,5:28,5:14,5:07,5:03,5:18,5:27,5:33,5:39,6:03,5:54,5:31,39:26.1,7:35,24
39,M,Athens,AL,US,2:27,3:47,4:35,4:37,4:40,4:46,4:42,4:47,4:53,4:52,4:54,5:03,5:01,5:14,5:33,5:48,5:50,6:03,6:01,6:01,39:33.4,7:36,27
40,M,Fort Payne,AL,US,2:23,2:19,4:32,5:08,5:07,5:12,5:12,5:13,5:19,5:19,5:21,5:23,5:25,5:31,5:33,5:35,5:40,5:42,5:35,5:30,40:58.2,7:42,31
41,F,Huntsville,AL,US,2:17,2:18,4:29,5:19,5:21,5:24,5:26,5:31,5:29,5:28,5:26,5:25,5:28,5:33,5:25,5:30,5:17,5:23,5:23,5:12,41:03.7,7:43,27
42,M,Albertville,AL,US,2:55,4:07,4:42,4:40,4:43,4:39,4:37,4:43,4:43,4:53,14:27,5:10,4:56,4:47,4:56,4:50,4:48,5:08,2:39,4:45,41:09.9,7:43,29
43,F,Phenix City,AL,US,2:25,2:18,9:38,5:15,5:15,5:14,5:05,5:05,5:10,5:08,5:06,5:08,5:09,5:08,5:04,5:03,5:04,5:02,4:56,4:58,41:10.7,7:43,25
44,M,Hanceville,AL,US,2:14,2:09,4:06,4:59,5:06,5:11,5:18,5:22,5:21,5:27,5:38,5:30,5:38,5:29,5:35,5:40,5:49,5:49,5:36,5:25,41:23.2,7:44,48
45,M,Jacksonville,AL,US,2:39,2:26,4:39,5:32,5:35,5:31,5:26,5:16,5:24,5:22,5:27,5:34,5:28,5:31,5:27,5:22,5:25,5:17,5:20,5:04,41:46.1,7:46,44
46,F,Huntsville,AL,US,2:23,2:29,4:33,5:23,5:21,5:24,5:31,5:31,5:35,5:22,5:25,5:28,5:26,5:22,5:27,5:27,5:29,5:28,5:33,5:17,41:52.6,7:47,25
47,M,Madison,AL,US,2:32,2:26,4:23,5:29,5:25,5:25,5:38,5:28,5:28,5:25,5:31,5:32,5:25,5:25,5:26,5:21,5:28,5:28,5:30,5:19,42:03.9,7:47,33
48,M,Hazel Green,AL,US,2:37,2:23,4:33,5:19,4:54,5:21,5:14,5:16,5:25,5:23,5:24,5:29,5:19,5:34,5:38,5:44,5:38,5:39,5:40,5:38,42:08.5,7:48,41
49,F,Huntsville,AL,US,2:16,2:17,4:13,5:06,5:07,5:10,5:16,5:11,5:21,5:16,5:28,5:32,5:26,5:37,5:38,5:41,5:47,5:49,5:58,6:01,42:09.0,7:48,24
50,M,Madison,AL,US,2:35,2:27,4:41,5:38,5:37,5:38,5:40,5:32,5:47,5:50,5:56,5:55,5:44,5:32,5:15,5:01,5:02,4:57,4:56,4:36,42:17.8,7:49,24
51,F,Huntsville,AL,US,2:25,2:24,4:36,5:16,5:22,5:23,5:32,5:32,5:35,5:34,5:29,5:34,5:28,5:28,5:34,5:28,5:31,5:30,5:24,5:22,42:27.2,7:49,44
52,M,Montgomery,AL,US,2:42,2:35,4:38,5:45,5:31,5:30,5:38,6:04,5:26,5:24,5:29,5:33,5:41,5:29,5:20,5:18,5:16,5:18,5:05,4:51,42:31.8,7:50,46
53,M,Florence,AL,US,2:25,2:28,4:31,5:24,5:20,5:17,5:26,5:27,5:31,5:22,5:25,5:32,5:28,5:26,5:29,5:32,5:34,5:45,5:46,5:25,42:34.3,7:50,47
54,F,Decatur,AL,US,2:15,2:15,4:14,5:07,5:08,5:08,5:17,5:06,5:10,5:05,5:11,5:14,5:11,5:08,5:09,5:08,5:07,5:09,5:07,11:32,42:39.2,7:50,20
55,M,Madison,AL,US,2:20,2:14,4:16,5:04,5:09,5:17,5:18,5:37,5:23,5:22,5:34,5:39,5:38,5:37,5:33,5:44,5:46,5:48,5:49,5:35,42:43.9,7:51,39
56,M,Huntsville,AL,US,2:30,2:21,4:28,5:18,5:09,5:04,5:06,5:18,5:26,5:21,5:35,5:42,5:35,5:40,5:30,5:45,5:47,5:42,5:47,5:41,42:44.0,7:51,40
57,F,Cullman,AL,US,2:23,2:29,4:30,5:24,5:21,5:16,5:27,5:28,5:31,5:22,5:25,5:32,5:27,5:26,5:30,5:29,5:27,5:31,5:39,6:07,42:44.8,7:51,37
58,M,Athens,AL,US,2:24,2:29,4:31,5:23,5:21,5:18,5:25,5:28,5:31,5:24,5:24,5:31,5:27,5:28,5:28,5:30,5:38,5:45,5:47,5:34,42:44.8,7:51,35
59,M,Grant,AL,US,2:28,2:31,4:41,5:45,5:36,5:34,5:29,5:30,5:30,5:33,5:34,5:30,5:25,5:37,5:36,5:28,5:22,5:24,5:17,5:11,43:00.8,7:52,41
60,M,Huntsville,AL,US,2:56,2:26,4:29,5:35,5:40,5:37,5:28,5:26,5:22,5:27,5:19,5:18,5:14,5:24,5:30,5:38,5:44,5:43,5:40,5:25,43:22.7,7:53,35
61,F,Moulton,AL,US,2:25,2:29,4:37,5:30,5:38,5:34,5:32,5:38,5:38,5:38,5:40,5:36,5:38,5:42,5:33,5:23,5:22,5:34,5:13,5:12,43:29.1,7:54,20
62,M,Huntsville,AL,US,2:13,2:17,4:22,5:22,5:18,5:23,5:32,5:35,5:42,5:28,5:37,5:41,5:43,5:44,5:35,5:42,5:44,5:43,5:48,5:02,43:30.4,7:54,34
63,F,Birmingham,AL,US,2:33,2:30,4:35,5:48,5:35,5:38,5:38,5:44,5:34,5:34,5:30,5:29,5:38,5:34,5:30,5:25,5:21,5:26,5:15,5:16,43:33.2,7:54,34
64,M,Madison,AL,US,2:31,2:32,4:43,5:58,5:40,5:50,5:45,5:44,5:36,5:35,5:26,5:27,5:32,5:31,5:38,5:34,5:32,5:13,5:11,4:51,43:48.8,7:55,41
65,F,Fitchburg,WI,US,2:29,2:23,4:39,5:32,5:27,5:23,5:24,5:29,5:26,5:27,5:32,5:35,5:31,5:33,5:38,5:37,5:42,5:49,5:55,5:50,44:23.8,7:58,40
66,F,Hartselle,AL,US,2:24,2:29,4:37,5:29,5:38,5:33,5:33,5:39,5:36,5:38,5:39,5:37,5:38,5:43,5:33,5:24,5:20,5:43,5:52,5:47,44:52.7,8:00,19
67,M,Huntsville,AL,US,2:15,2:20,4:25,5:16,5:14,5:16,5:21,5:23,5:28,5:27,5:26,5:33,5:39,5:42,5:49,6:01,5:55,6:07,6:13,6:05,44:56.3,8:01,27
68,M,Huntsville,AL,US,2:36,2:22,4:35,5:31,5:31,5:40,5:40,5:37,5:42,5:33,5:40,5:47,5:49,5:44,5:50,5:54,5:48,5:20,5:21,4:59,44:59.1,8:01,34
69,F,Elkmont,AL,US,2:25,2:28,4:38,5:29,5:38,5:34,5:33,5:38,5:36,5:39,5:39,5:38,5:37,5:42,5:33,5:33,5:39,5:40,5:41,5:44,45:02.7,8:01,21
70,M,Owens Cross Roads,AL,US,2:14,2:09,4:19,5:10,5:11,5:12,5:20,5:30,5:32,5:33,6:05,5:56,5:50,5:54,5:54,5:59,6:00,5:42,5:52,5:42,45:02.8,8:01,44
71,M,Huntsville,AL,US,2:24,2:29,4:32,5:20,5:05,5:21,5:14,5:31,5:47,5:55,5:50,5:35,5:47,5:41,5:39,5:42,5:45,6:00,5:53,5:51,45:19.8,8:02,28
72,M,Meridianville,AL,US,2:49,4:21,5:07,5:21,5:25,5:25,5:21,5:29,5:28,5:35,5:29,5:47,5:36,5:31,5:40,5:37,5:35,5:35,5:31,4:42,45:25.4,8:03,45
73,M,Huntsville,AL,US,2:43,4:31,5:09,5:13,5:26,5:27,5:32,5:26,5:28,5:36,5:36,5:39,5:43,5:42,5:44,5:44,5:45,5:50,5:50,3:23,45:25.8,8:03,42
74,F,Russellville,AL,US,3:04,5:07,6:03,6:06,5:51,5:49,5:46,5:36,5:33,5:37,5:36,5:34,5:29,5:27,5:38,5:37,5:43,7:50,2:00,2:00,45:28.4,8:03,22
75,M,Madison,AL,US,2:20,2:27,4:34,5:33,5:42,5:39,5:39,5:41,5:40,5:46,5:45,5:43,5:46,5:41,5:46,5:50,5:47,5:47,5:40,5:37,46:23.5,8:07,25
76,M,Madison,AL,US,2:20,2:27,4:35,5:35,5:41,5:38,5:39,5:42,5:41,5:46,5:45,5:44,5:48,5:38,5:46,5:51,5:46,5:47,5:40,5:35,46:23.8,8:07,52
77,M,Todd,NC,US,2:26,2:28,4:33,5:26,5:50,6:38,5:49,5:43,5:44,5:40,5:39,5:40,5:30,5:42,5:35,5:54,5:49,5:29,5:38,5:29,46:40.9,8:09,38
78,F,Hazel Green,AL,US,2:23,2:27,4:49,5:48,5:42,5:43,5:30,5:19,5:32,5:35,5:54,5:45,5:45,5:49,5:48,5:49,5:52,5:48,5:44,5:45,46:46.6,8:09,40
79,F,Hazel Green,AL,US,2:24,2:27,4:48,5:49,5:42,5:41,5:29,5:19,5:32,5:35,5:56,5:45,5:45,5:49,5:48,5:49,5:53,5:47,5:45,5:44,46:46.7,8:09,7
80,M,Madison,AL,US,2:37,2:26,4:41,5:38,5:36,5:38,5:41,5:34,5:45,5:49,5:58,5:54,5:48,5:39,5:43,5:54,5:58,5:43,5:35,5:20,46:56.3,8:10,23
81,M,,,US,2:49,4:29,5:29,5:30,5:32,5:39,5:49,5:53,5:56,5:57,5:56,5:56,5:43,5:47,5:49,5:40,5:46,5:41,5:40,2:00,47:00.7,8:10,25
82,F,Huntsville,AL,US,2:50,4:28,5:29,5:30,5:31,5:40,5:50,5:53,5:54,5:58,5:56,5:55,5:44,5:47,5:47,5:42,5:46,5:41,5:39,2:00,47:02.2,8:10,26
83,M,Birmingham,AL,US,2:26,2:26,4:37,5:45,5:43,6:03,6:07,6:22,7:19,5:48,5:31,5:30,5:51,6:04,6:05,6:04,6:08,5:53,5:31,2:12,47:25.6,8:12,19
84,M,Gurley,AL,US,2:39,2:32,4:42,5:47,5:50,5:40,5:40,5:37,5:42,5:40,5:39,5:41,5:43,5:42,5:49,5:36,5:49,5:49,5:40,6:18,47:35.7,8:13,43
85,M,Huntsville,AL,US,2:17,2:18,4:24,5:22,5:22,5:25,5:27,5:31,5:33,5:42,5:47,5:54,5:57,6:03,6:26,6:31,6:16,6:35,6:26,5:05,48:20.2,8:16,33
86,M,Huntsville,AL,US,2:35,2:35,4:47,6:12,6:12,6:04,6:14,6:02,5:58,6:06,6:10,6:05,6:01,6:02,6:02,5:54,6:01,5:56,5:22,2:07,48:24.0,8:16,24
87,F,Lathrup village,MI,US,2:26,2:29,4:40,5:37,5:35,5:34,5:35,5:53,5:45,5:43,5:49,5:52,5:51,6:01,5:47,5:58,5:57,5:58,5:58,5:59,48:26.9,8:17,51
88,M,Huntsville,AL,US,2:32,2:27,4:33,5:59,5:51,5:49,5:47,5:47,5:47,5:57,5:46,5:50,5:52,5:54,6:01,5:54,6:04,5:44,5:33,5:44,48:48.3,8:18,32
89,M,Huntsville,AL,US,2:58,5:00,5:50,5:43,5:40,5:39,5:40,5:39,5:30,5:29,5:37,5:33,5:31,5:29,5:26,5:31,5:23,5:27,5:33,6:15,48:49.7,8:18,29
90,M,Huntsville,AL,US,3:07,4:55,5:45,5:37,5:35,5:30,5:27,5:26,5:27,5:31,5:32,5:34,5:31,5:34,5:31,5:43,5:44,5:44,5:45,5:52,48:50.7,8:19,36
91,M,Arab,AL,US,2:24,2:28,4:30,5:25,5:20,5:16,5:23,5:20,5:29,5:32,5:28,5:32,5:34,5:53,5:57,6:34,6:57,6:51,6:31,6:26,48:51.4,8:19,37
92,M,Madison,AL,US,2:30,2:26,4:31,5:37,5:38,5:42,5:42,5:45,5:47,5:46,5:51,5:55,5:52,5:53,5:56,5:58,6:03,6:00,6:05,5:58,48:53.8,8:19,39
93,M,Madison,AL,US,2:39,2:34,4:42,5:48,5:46,5:45,5:46,5:47,5:47,5:52,6:03,5:49,5:54,5:45,5:55,6:02,5:57,5:44,5:48,5:37,48:59.3,8:19,48
94,M,Corinth,MS,US,2:15,2:09,4:04,5:01,5:11,5:18,5:13,5:38,5:24,6:16,5:34,5:57,6:22,6:05,6:07,6:36,7:20,5:53,9:45,3:07,49:15.4,8:20,23
95,F,Pensacola,FL,US,2:30,2:29,4:41,5:40,5:46,5:45,5:44,5:53,5:49,5:47,5:49,5:54,5:49,5:58,6:02,5:59,6:02,5:54,6:01,5:50,49:23.5,8:21,37
96,M,Huntsville,AL,US,2:55,4:48,5:47,5:48,5:50,5:39,5:51,5:48,5:41,5:31,5:33,5:34,5:28,5:30,5:37,5:41,5:43,5:40,5:38,5:22,49:27.1,8:21,31
97,M,Huntsville,AL,US,2:32,2:30,4:28,5:32,5:39,5:45,5:50,5:57,5:58,6:04,6:05,6:09,6:06,6:13,6:15,6:16,6:22,6:16,6:12,4:02,50:10.6,8:25,31
98,M,Meridianville,AL,US,2:29,2:23,4:25,5:25,5:25,5:29,5:45,5:42,5:49,5:54,5:59,5:56,6:03,6:02,6:05,6:04,6:10,6:22,6:22,6:32,50:21.3,8:25,31
99,M,Huntsville,AL,US,2:27,2:27,4:35,5:17,5:23,5:17,5:24,5:28,5:31,5:23,5:24,5:31,5:30,5:24,5:29,5:29,5:27,5:31,5:00,14:26,50:24.1,8:26,33
100,F,New Market,AL,US,2:42,2:43,5:03,6:05,5:57,5:53,5:51,5:50,5:56,5:54,5:58,5:53,5:52,5:59,5:51,5:49,5:51,5:50,5:43,5:49,50:27.2,8:26,26
101,M,Palmetto,GA,US,2:59,4:48,5:47,5:40,5:39,5:44,5:42,5:55,5:58,5:53,5:42,5:50,5:48,5:48,5:40,5:41,5:44,5:31,5:30,5:15,50:33.5,8:26,36
102,M,Phoenix,AZ,US,2:37,2:38,4:43,5:39,5:45,5:41,5:46,5:46,5:45,5:49,5:51,5:55,5:53,5:58,6:01,6:07,6:23,6:11,6:17,6:25,51:09.5,8:29,55
103,M,Madison,AL,US,2:13,2:21,4:35,5:45,5:32,5:33,5:37,5:50,5:52,6:11,6:01,6:19,6:11,6:03,6:11,6:19,6:17,6:23,6:07,5:56,51:16.0,8:30,35
104,M,Hoover,AL,US,2:40,4:44,6:03,5:58,6:01,5:48,5:55,5:49,5:57,5:54,5:54,6:00,6:07,6:02,6:03,6:02,6:07,6:07,6:01,2:30,51:41.4,8:32,28
105,M,New Market,AL,US,2:43,4:48,2:34,6:15,5:58,6:01,6:00,5:59,6:04,6:01,6:03,5:59,5:54,5:49,6:03,6:02,5:49,5:59,5:58,5:45,51:45.3,8:32,26
106,M,Toney,AL,US,2:51,5:11,6:01,6:02,5:56,5:57,5:54,5:48,5:52,5:47,5:40,5:44,5:39,5:38,5:44,5:50,5:46,5:43,5:19,5:44,52:04.6,8:33,36
107,M,Madison,AL,US,2:39,2:40,4:50,6:00,5:58,6:04,6:06,6:08,6:09,6:11,6:08,6:04,5:58,5:57,5:59,5:57,5:59,5:53,5:47,5:42,52:08.2,8:34,47
108,M,Chickamauga,GA,US,2:52,4:20,5:28,5:32,5:35,5:32,5:40,5:34,5:56,5:56,5:56,5:59,6:01,6:15,6:08,6:01,5:58,5:39,6:09,5:52,52:24.3,8:35,32
109,F,Grant,AL,US,3:04,5:00,5:48,5:34,5:38,5:46,6:00,5:50,5:46,5:42,5:38,5:52,5:46,5:56,6:01,6:11,6:07,5:00,6:06,5:43,52:29.5,8:35,25
110,M,Madison,AL,US,2:40,2:30,4:30,5:37,5:35,5:42,5:29,5:29,5:13,5:37,5:34,5:32,5:35,5:31,5:40,5:33,5:33,5:41,5:16,14:36,52:52.4,8:37,29
111,M,Madison,AL,US,2:30,2:29,4:30,5:42,5:52,5:51,6:03,6:02,6:01,6:06,6:16,6:22,6:20,6:23,6:24,6:25,6:25,6:26,5:58,4:50,52:56.7,8:37,32
112,M,Grant,AL,US,3:06,4:59,5:48,5:35,5:38,5:45,6:01,5:49,5:47,5:41,5:38,5:52,5:48,5:55,6:03,6:11,6:05,5:00,6:09,6:16,53:05.4,8:38,27
113,M,HuntsvillE,AL,US,2:40,2:33,4:40,5:42,5:44,5:56,6:00,5:58,5:59,6:01,6:06,6:03,6:11,5:59,6:05,6:07,6:17,6:27,6:31,6:15,53:16.8,8:39,38
114,F,Rome,GA,US,2:53,5:08,6:18,6:16,6:14,6:14,6:18,6:10,6:05,6:02,5:57,6:00,5:56,5:59,5:55,5:55,5:49,5:49,5:51,2:36,53:22.8,8:39,24
115,M,Huntsville,AL,US,2:33,2:33,4:50,5:51,5:49,5:49,5:51,6:06,5:55,5:55,6:03,6:07,6:13,6:10,6:14,6:19,6:19,6:22,6:22,6:38,53:58.1,8:42,26
116,F,Irondale,AL,US,3:36,4:30,5:32,5:33,5:32,5:30,5:37,5:50,5:54,6:00,6:02,5:58,6:05,6:06,6:21,5:54,6:01,6:00,6:08,6:09,54:17.5,8:43,47
117,F,Russellville,AL,US,3:04,5:07,6:03,6:07,5:51,5:50,5:53,5:56,6:06,6:10,6:11,6:43,6:18,6:14,6:39,6:38,6:35,5:55,2:45,4:17,54:21.1,8:44,17
118,F,Huntsville,AL,US,2:27,2:30,4:42,5:50,5:58,6:01,6:01,6:12,6:00,6:06,6:12,6:13,6:19,6:08,6:07,6:17,6:23,6:16,5:38,7:04,54:23.8,8:44,27
119,M,Madison,AL,US,2:45,4:59,2:39,6:16,6:07,6:00,5:59,6:18,6:12,6:14,6:14,6:20,6:16,6:14,6:15,6:12,6:12,6:06,5:48,5:17,54:23.9,8:44,41
120,M,Huntsville,AL,US,2:11,2:10,4:05,4:52,4:46,4:43,4:44,4:42,4:47,4:38,4:36,4:32,4:33,4:30,4:31,4:29,4:19,4:10,31:18:00,5:55,54:30.4,8:44,34
121,M,Huntsville,,AL,3:10,5:26,6:15,6:10,6:01,5:52,5:56,6:05,5:55,5:56,5:52,5:38,6:11,6:01,6:18,5:36,5:37,5:29,5:04,6:12,54:42.7,8:45,26
122,F,Madison,AL,US,2:39,2:43,5:01,6:11,6:19,6:22,6:16,6:25,6:18,6:33,6:12,6:24,6:27,6:20,6:49,6:26,6:15,6:25,6:07,2:33,54:45.5,8:46,36
123,F,Huntsville,AL,US,2:57,2:54,5:05,6:09,6:06,6:02,5:53,6:00,6:00,6:05,6:02,6:07,6:07,6:09,6:06,6:07,6:17,6:15,6:18,6:09,54:49.9,8:46,58
124,M,Madison,AL,US,2:27,2:29,4:42,5:37,5:48,5:48,5:54,5:57,6:01,6:27,6:13,6:19,6:26,6:22,6:29,6:29,6:31,6:28,6:20,6:09,54:58.7,8:47,37
125,M,Danville,AL,US,2:45,2:39,4:48,5:58,5:51,5:52,5:59,6:03,6:01,6:08,6:04,6:08,6:06,6:10,6:17,6:34,6:31,6:27,6:24,6:23,55:10.6,8:48,55
126,F,Huntsville,AL,US,2:39,2:35,4:43,5:52,5:52,5:54,6:04,6:08,6:04,6:01,6:12,6:11,6:16,6:21,6:36,6:37,6:25,6:21,6:17,6:17,55:27.0,8:49,27
127,M,Huntsville,AL,US,2:27,2:26,4:45,5:36,5:41,5:57,5:49,5:44,5:31,5:47,5:37,5:47,5:46,5:48,5:50,5:56,5:42,5:56,5:31,13:53,55:29.3,8:49,29
128,F,Huntsville,AL,US,2:34,2:26,4:45,5:36,5:41,5:58,5:49,5:45,5:30,5:47,5:37,5:46,5:47,5:48,5:50,5:56,5:42,5:56,5:31,13:53,55:35.9,8:49,28
129,M,Arab,AL,US,2:59,5:07,6:19,6:16,6:14,6:15,6:17,6:09,6:06,6:00,5:49,5:39,5:37,5:40,5:36,5:54,5:58,6:06,5:50,5:52,55:41.5,8:50,25
130,F,Phoenix,AZ,US,2:39,2:44,5:05,6:13,6:14,6:09,6:10,6:10,6:11,6:12,6:03,6:09,6:13,6:10,6:13,6:19,6:19,6:14,6:13,6:11,55:52.5,8:51,49
131,M,Athens,AL,US,2:41,2:41,4:59,6:09,6:13,6:12,6:09,6:04,6:07,6:20,6:10,6:18,6:14,6:16,6:29,6:00,6:09,6:10,6:22,6:23,56:06.1,8:52,29
132,M,Birmingham,AL,US,3:08,4:54,5:42,5:43,5:39,5:55,5:57,5:55,5:49,5:35,5:40,5:33,5:41,5:47,5:48,5:52,5:48,5:21,5:30,11:35,56:52.6,8:55,43
133,M,Scottsboro,AL,US,2:37,4:22,5:19,5:21,5:51,6:00,6:21,6:26,6:27,6:26,6:41,6:30,6:28,6:31,6:18,6:37,6:46,6:33,6:22,2:58,56:54.9,8:55,26
134,M,Madison,AL,US,3:32,5:54,6:29,5:28,5:34,5:31,5:28,5:56,5:25,5:29,5:25,6:08,6:24,5:27,5:22,5:36,6:16,5:03,6:06,10:28,57:00.3,8:56,32
135,F,Danville,AL,US,2:45,2:39,4:48,5:58,5:48,5:54,5:57,6:11,6:06,6:07,6:09,6:34,6:18,6:27,6:43,6:37,6:44,6:33,6:36,6:13,57:08.2,8:57,53
136,F,Prospect,TN,US,2:49,5:10,6:06,6:03,6:04,6:05,6:04,6:03,6:07,6:07,6:03,6:05,6:10,6:11,6:15,6:21,6:28,6:39,6:48,3:39,57:18.4,8:57,59
137,F,Birmingham,AL,US,2:28,2:32,4:45,6:03,6:11,6:06,6:15,6:24,6:25,6:26,6:23,6:19,6:23,6:31,6:19,6:27,6:25,6:16,6:18,6:27,57:20.1,8:57,41
138,F,Ooltewah,TN,US,2:45,2:41,5:11,6:30,6:17,6:19,6:19,6:29,6:20,6:20,6:19,6:13,6:17,6:18,6:17,6:15,6:09,6:07,6:17,6:01,57:22.1,8:58,43
139,F,Huntsville,AL,US,3:02,5:00,6:12,6:13,6:09,6:10,6:00,6:02,6:04,6:02,6:03,6:06,6:01,6:03,6:14,6:14,6:13,6:03,5:51,5:46,57:29.1,8:58,28
140,F,Tuscumbia,AL,US,3:08,5:02,5:58,6:04,6:10,6:19,6:21,6:22,6:15,6:13,6:23,6:32,6:36,6:37,6:42,6:39,6:39,6:33,3:13,3:47,57:34.0,8:58,15
141,F,Madison,AL,US,2:59,4:54,6:10,5:57,6:02,5:58,6:02,5:57,6:01,5:54,5:58,5:54,5:56,6:04,5:59,6:02,5:55,5:53,5:52,8:18,57:46.0,8:59,35
142,F,Madison,AL,US,2:48,4:57,6:09,6:00,6:03,6:04,6:07,6:03,6:02,5:55,5:58,6:02,6:05,6:09,6:09,6:06,6:07,6:12,6:04,6:53,57:55.1,9:00,40
143,F,HUNTSVILLE,AL,US,4:07,4:43,5:43,5:46,6:04,5:58,6:03,6:00,6:10,6:04,6:03,6:00,5:57,6:03,6:11,6:05,6:12,6:11,6:11,6:29,57:58.7,9:00,35
144,F,Madison,AL,US,3:09,4:59,6:11,6:12,6:19,6:25,6:20,6:17,6:15,5:57,6:08,6:03,5:59,5:52,6:02,6:03,6:09,5:58,5:59,5:53,58:07.7,9:01,17
145,M,Windermere,FL,US,2:38,2:25,4:32,5:26,5:41,5:54,5:56,6:50,6:10,5:58,6:55,6:04,6:44,6:12,6:58,6:21,6:53,6:25,7:13,7:09,58:25.4,9:02,42
146,M,Fort Payne,AL,US,2:50,5:10,6:25,6:21,6:16,6:18,6:19,6:16,6:21,6:23,6:23,6:29,6:29,6:32,6:54,6:38,6:58,6:48,3:34,3:09,58:32.7,9:03,31
147,F,Madison,AL,US,3:05,4:40,5:38,5:47,5:55,6:03,6:06,6:06,6:10,6:12,6:11,6:16,6:08,6:28,6:07,6:26,6:20,6:16,6:34,6:17,58:43.0,9:04,40
148,M,Trussville,AL,US,2:21,2:29,4:34,5:25,5:43,6:08,6:13,6:14,6:25,6:20,6:13,6:17,6:23,6:21,6:41,6:39,6:33,7:07,7:41,7:09,58:54.9,9:05,27
149,F,Madison,AL,US,3:01,4:57,6:04,6:15,6:23,6:36,6:33,6:34,6:33,6:38,6:39,6:39,6:36,6:44,6:46,6:44,6:53,6:31,3:50,2:00,58:55.1,9:05,36
150,F,Cornersville,TN,US,3:58,5:25,6:15,6:10,6:00,5:53,5:57,6:05,5:54,5:55,5:54,5:37,6:09,6:04,6:34,6:20,6:05,6:17,6:06,6:24,59:01.7,9:05,24
151,M,Florence,AL,US,5:41,5:04,6:18,6:19,6:08,6:06,5:52,5:51,6:04,6:05,6:04,5:59,6:03,6:08,5:49,5:48,5:55,6:02,6:13,5:32,59:02.4,9:05,22
152,M,New Market,AL,US,2:50,5:02,6:10,6:12,6:21,6:21,6:19,6:39,6:16,6:16,6:12,6:09,6:16,6:16,6:15,6:30,6:25,6:11,6:15,4:07,59:05.2,9:05,23
153,M,Cullman,AL,US,2:33,2:46,5:11,6:19,6:12,6:07,6:09,6:09,6:22,6:13,6:09,6:27,6:34,6:45,6:49,7:03,6:41,6:18,6:04,6:21,59:11.8,9:06,65
154,M,New Hope,AL,US,3:01,5:07,6:17,6:16,6:13,6:14,6:18,6:10,6:05,6:01,5:58,11:56,5:59,5:55,5:55,5:52,5:46,5:50,2:19,6:11,59:23.3,9:07,24
155,F,Madison,AL,US,2:40,2:45,4:58,6:13,6:11,6:10,6:20,6:22,6:25,6:24,6:26,6:28,6:29,6:32,6:32,6:32,6:36,6:37,6:35,6:27,59:40.7,9:08,48
156,M,Madison,AL,US,2:39,2:45,5:07,6:16,6:16,6:15,6:24,6:32,6:23,6:23,6:29,6:19,6:24,6:29,6:32,6:34,6:21,6:35,6:44,6:22,59:49.4,9:09,43
157,F,Dothan,AL,US,2:44,5:05,6:16,6:14,6:16,6:20,6:17,6:22,6:18,6:09,6:20,6:17,6:21,6:31,6:26,6:21,6:24,5:36,5:10,6:34,00:00.0,9:10,41
158,M,Huntsville,AL,US,2:48,4:59,2:37,6:05,6:21,6:21,6:48,6:37,6:54,6:19,6:23,6:25,6:22,6:33,6:26,6:21,6:24,6:46,6:35,5:58,00:02.8,9:10,46
159,F,Huntsville,AL,US,2:56,4:59,6:17,6:19,6:23,6:23,6:33,6:30,6:37,6:36,6:40,6:37,6:51,6:47,6:38,6:42,6:45,6:43,5:00,2:02,00:17.6,9:11,52
160,M,Madison,AL,US,2:42,2:29,4:32,5:36,6:05,6:07,6:14,6:10,6:31,6:33,6:20,6:32,6:36,6:29,6:34,6:54,6:58,6:55,7:03,7:08,00:28.5,9:12,53
161,M,Toney,AL,US,3:10,5:42,7:02,6:27,6:23,6:17,6:14,6:30,6:23,6:23,6:18,6:09,6:19,6:44,6:32,6:33,6:38,6:26,6:03,2:21,00:34.3,9:12,41
162,M,Huntsville,AL,US,2:32,2:30,4:33,5:44,5:51,5:58,5:53,6:07,6:12,6:10,6:11,6:29,6:25,6:40,6:48,7:01,7:26,7:21,7:28,7:26,00:46.2,9:13,25
163,F,Russellville,AL,US,3:03,5:06,6:03,6:06,5:53,5:49,5:56,6:16,6:29,6:34,6:41,6:47,6:41,6:46,6:41,6:31,6:49,6:30,2:01,8:11,00:54.3,9:14,20
164,M,Huntsville,AL,US,3:18,4:36,5:46,5:51,5:47,6:04,6:17,6:20,6:27,6:27,6:27,6:25,6:28,6:16,6:10,6:07,6:24,6:21,6:31,6:56,00:57.4,9:14,31
165,F,Arab,AL,US,17:00,0:48,2:52,2:52,6:52,6:55,7:14,7:11,7:11,7:22,6:54,7:03,7:20,7:08,7:19,7:16,7:28,7:12,7:26,7:19,01:43.0,9:17,23
166,F,Madison,AL,US,2:37,2:42,5:00,6:16,6:26,6:18,6:23,6:28,6:33,6:29,6:26,6:29,6:30,6:33,7:24,6:40,6:32,6:33,6:33,6:11,01:04.5,9:15,51
167,F,Winchester,TN,US,2:12,2:09,4:17,5:07,5:05,5:09,5:12,5:09,5:10,5:11,5:15,5:17,5:12,5:05,5:05,5:08,5:05,5:11,5:01,30:06:00,01:05.5,9:15,33
168,F,Madison,AL,US,2:37,2:42,5:01,6:15,6:26,6:18,6:23,6:29,6:33,6:28,6:28,6:28,6:29,6:34,7:25,6:40,6:32,6:35,6:32,6:14,01:07.2,9:15,27
169,M,Cullman,AL,US,2:58,4:46,5:58,6:06,6:14,6:17,6:15,6:11,6:14,6:19,6:16,6:18,6:23,6:25,6:25,6:29,6:21,6:24,6:38,6:28,01:26.7,9:16,52
170,F,Horton,AL,US,3:25,5:49,6:45,6:35,6:37,6:25,6:29,6:24,6:29,6:29,6:22,6:25,6:22,6:24,6:25,6:29,6:32,6:25,6:20,2:27,01:40.2,9:17,27
171,F,Owens Cross Roadsens Cross Roads,AL,US,2:52,5:01,6:10,6:02,6:10,6:13,6:16,6:14,6:08,6:14,6:19,6:19,6:21,6:24,6:37,6:41,6:38,6:34,6:46,6:30,02:28.7,9:21,40
172,M,Huntsville,AL,US,2:41,4:47,2:34,6:03,6:11,6:27,6:25,6:39,6:38,6:43,6:43,6:39,6:38,6:55,6:47,6:56,6:36,7:01,6:48,6:28,02:38.4,9:22,29
173,M,Huntsville,AL,US,3:17,5:32,6:47,6:42,6:38,6:30,6:37,6:22,5:53,6:02,5:41,5:52,5:40,6:03,5:50,5:56,6:29,7:16,7:21,6:18,02:46.6,9:22,24
174,M,Harvest,AL,US,3:04,5:06,5:55,6:15,6:21,6:38,6:35,7:33,7:00,6:52,7:02,6:28,6:25,6:09,6:08,5:58,6:06,6:00,6:11,5:34,03:18.9,9:25,27
175,M,Athens,AL,US,2:37,2:38,4:28,5:46,5:58,6:06,6:02,6:17,6:23,6:30,6:29,6:44,6:49,6:58,7:02,7:02,7:12,7:10,7:27,7:50,03:27.4,9:25,42
176,M,Red Wing,MN,US,3:10,5:35,6:39,6:17,6:20,6:21,6:18,6:23,6:19,6:21,6:23,6:18,6:20,6:24,6:24,6:12,6:15,6:17,6:27,6:57,03:38.6,9:26,21
177,F,Madison,AL,US,3:14,5:14,5:55,6:30,6:14,6:31,6:24,6:26,6:35,6:33,6:34,6:30,6:30,6:21,6:28,6:29,6:25,6:12,4:29,8:16,03:47.9,9:27,43
178,M,Madison,AL,US,2:44,2:45,5:03,6:21,6:09,6:16,6:25,6:40,7:03,6:56,6:57,6:56,6:41,6:51,6:45,6:42,6:38,6:48,6:48,6:21,03:48.9,9:27,26
179,F,Huntsville,AL,US,3:02,5:18,6:17,6:21,6:23,6:19,6:28,6:48,6:40,6:28,6:30,6:37,6:40,6:45,6:28,6:41,6:41,6:44,6:34,4:28,04:11.4,9:29,53
180,F,Owens Cross Roads,AL,US,2:50,5:04,6:18,6:23,6:35,6:35,6:40,6:31,6:35,6:38,6:38,6:41,6:38,6:47,6:54,7:01,7:01,6:58,6:58,2:47,04:33.5,9:30,35
181,F,Huntsville,,AI,3:00,4:57,6:18,6:17,6:15,6:22,6:28,6:23,6:21,6:22,6:24,6:19,6:28,6:31,6:34,6:26,6:32,6:38,6:57,7:03,04:35.7,9:31,27
182,M,Daphne,AL,US,2:32,2:30,4:51,6:16,6:07,6:21,6:34,6:43,6:51,6:50,6:48,6:54,7:03,6:46,6:32,6:39,6:57,6:51,8:52,5:48,04:44.1,9:31,26
183,M,Huntsville,AL,US,3:01,4:58,6:14,6:21,6:27,6:21,6:26,6:26,6:46,6:36,6:19,6:38,6:38,6:20,6:28,6:33,6:39,6:22,6:28,6:43,04:45.7,9:31,46
184,F,Madison,AL,US,3:02,4:59,6:14,6:21,6:27,6:21,6:26,6:23,6:49,6:34,6:20,6:37,6:39,6:20,6:29,6:31,6:43,6:22,6:28,6:43,04:46.0,9:31,42
185,M,Athens,AL,US,4:43,5:34,6:21,6:45,6:50,6:09,6:16,6:11,6:09,6:12,6:19,6:13,6:04,6:19,6:23,6:28,6:37,6:40,6:31,6:06,04:51.0,9:32,28
186,F,Boaz,AL,US,2:55,5:26,6:39,6:38,6:29,6:39,6:27,6:27,6:28,6:30,6:28,6:25,6:33,6:30,6:33,6:29,6:24,6:17,6:07,6:37,05:01.6,9:33,53
187,M,Huntsville,AL,US,2:46,4:21,5:17,5:27,5:41,6:02,6:26,6:29,6:23,6:22,6:40,6:53,6:57,6:36,6:59,7:18,6:41,6:57,7:26,7:44,05:24.3,9:34,28
188,M,Madison,AL,US,2:53,5:11,6:22,6:20,6:30,6:40,6:42,6:31,6:40,6:42,6:36,6:43,6:33,6:43,6:46,6:37,6:51,5:53,5:33,6:42,05:28.4,9:35,25
189,F,Huntsville,AL,US,3:18,5:42,6:50,6:54,6:59,7:05,6:58,6:46,6:46,6:41,6:49,6:39,6:42,6:31,6:37,6:31,6:43,6:47,6:11,2:00,05:28.9,9:35,23
190,M,New Market,AL,US,3:21,4:30,6:07,6:33,6:34,6:47,20:18,5:21,5:08,5:52,5:13,5:30,5:36,5:10,5:09,5:10,6:02,5:49,6:18,5:27,05:53.6,9:37,41
191,M,Madison,AL,US,2:41,2:45,5:00,6:16,8:51,6:31,6:33,6:28,6:29,6:59,6:36,6:42,6:46,6:36,7:15,6:57,6:51,6:57,7:22,5:36,06:07.6,9:38,48
192,M,Huntsville,AL,US,3:16,5:37,6:41,6:26,6:23,6:30,6:34,6:33,6:36,6:36,6:46,6:55,6:52,6:54,6:53,7:01,6:56,7:01,6:55,3:01,06:25.8,9:39,59
193,M,Madison,AL,US,3:17,5:33,6:23,6:19,6:33,6:36,6:32,6:26,6:36,6:34,6:42,6:36,6:36,6:41,6:36,6:30,6:41,6:37,6:38,6:29,06:55.2,9:41,35
194,M,Tullahoma,TN,US,3:05,5:14,6:27,6:38,6:34,6:28,6:28,6:30,6:34,6:35,6:36,6:42,6:42,6:45,6:42,6:45,6:41,6:31,6:35,6:39,07:11.7,9:43,43
195,M,Madison,AL,US,3:20,5:51,6:34,6:47,6:49,6:46,6:48,6:47,6:52,7:10,7:00,7:26,7:08,6:20,6:25,6:19,6:50,6:55,6:33,2:38,07:16.4,9:43,14
196,M,Huntsville,AL,US,3:21,5:44,6:55,7:36,6:47,6:20,6:18,7:13,6:08,6:09,6:16,6:24,6:24,6:27,6:26,6:18,6:32,6:50,6:47,6:24,07:19.2,9:43,48
197,M,Huntsville,AL,US,2:27,2:42,5:34,7:09,7:00,6:49,6:49,6:49,6:23,5:58,6:23,6:56,6:28,6:12,6:20,6:14,7:21,7:04,14:48,2:01,07:24.4,9:44,23
198,M,Madison,AL,US,3:56,5:51,6:35,6:47,6:50,6:44,6:49,6:48,6:51,7:10,7:01,7:25,7:08,6:57,6:18,5:50,6:55,6:50,6:40,2:04,07:28.4,9:44,16
199,F,Huntsville,AL,US,2:39,5:06,6:07,6:19,6:25,6:33,6:26,6:31,6:27,6:29,6:30,6:31,6:35,6:36,6:45,6:39,6:43,6:42,6:39,8:46,07:29.2,9:44,41
200,F,Owens Cross Roads,AL,US,3:20,5:56,6:59,7:00,6:55,6:54,6:58,6:51,6:44,6:56,6:45,6:51,6:45,6:44,6:31,6:39,6:38,6:39,6:35,2:53,07:30.8,9:44,48
201,F,Albertville,AL,US,3:05,5:11,5:57,6:06,6:18,7:18,6:03,6:09,6:42,6:31,6:47,6:43,6:29,6:30,6:43,6:59,6:48,7:13,6:47,7:25,07:44.4,9:45,22
202,M,New Market,AL,US,3:09,5:08,6:40,6:40,6:42,6:58,7:04,6:59,7:08,7:17,7:01,6:57,6:42,6:32,6:49,6:50,6:40,6:43,6:24,3:27,07:48.8,9:45,48
203,M,Huntsville,AL,US,3:02,5:16,6:26,6:32,6:46,6:41,6:52,6:55,6:56,6:51,6:45,7:03,6:55,7:03,7:27,7:23,7:24,7:19,2:05,6:29,08:11.9,9:47,25
204,F,Huntsville,AL,US,3:33,6:09,7:40,7:16,7:26,7:22,7:22,7:20,7:19,7:19,7:24,7:25,7:17,7:13,6:54,6:55,6:38,5:51,2:07,2:00,08:29.9,9:49,24
205,F,Madison,AL,US,2:47,5:07,6:18,6:16,6:20,6:32,6:25,6:33,6:30,6:29,6:28,6:59,6:46,6:55,6:38,7:20,6:48,7:26,6:50,7:10,08:37.8,9:49,49
206,M,Brentwood,TN,US,3:31,6:05,7:15,6:23,6:24,6:27,6:38,6:34,6:37,6:57,6:57,7:09,7:15,7:16,7:25,7:25,7:19,5:26,5:48,3:49,08:39.4,9:49,50
207,M,Toney,AL,US,3:05,5:15,6:28,6:24,6:13,6:14,6:12,6:21,6:30,6:34,6:30,6:31,6:34,6:41,6:45,6:37,7:57,7:04,7:09,7:44,08:47.5,9:50,59
208,M,Huntsville,AL,US,2:55,5:12,6:32,6:28,6:41,6:45,6:43,6:43,6:48,6:43,6:42,6:41,6:55,6:47,6:41,6:36,6:39,6:54,6:46,6:37,08:48.4,9:50,47
209,F,Madison,AL,US,3:02,5:00,6:05,6:09,6:14,6:22,6:27,6:29,6:36,6:44,6:38,6:39,6:42,6:50,7:04,7:08,7:08,7:24,7:18,7:14,09:15.0,9:52,28
210,M,Owens Cross Roads,AL,US,3:15,5:43,6:50,7:01,6:47,6:52,6:38,6:49,6:39,6:53,6:33,6:43,6:51,6:50,6:50,6:40,6:52,6:30,2:00,10:24,09:39.8,9:54,38
211,F,Lithonia,GA,US,3:31,5:24,6:29,6:29,6:34,6:27,6:31,6:15,6:12,6:45,6:42,6:53,6:47,6:43,6:51,6:43,6:53,7:05,7:13,7:19,09:46.5,9:54,49
212,M,Tuscumbia,AL,US,3:08,5:04,5:58,6:05,6:09,6:19,6:21,6:24,6:37,6:55,6:59,6:55,7:01,7:06,7:16,7:14,7:20,7:17,9:31,4:20,09:56.9,9:55,56
213,M,Meridianville,AL,US,3:29,6:01,7:25,7:31,7:25,7:13,7:05,7:01,7:07,7:00,6:50,6:49,6:43,6:38,6:30,6:31,12:42,5:34,5:10,6:07,10:41.7,9:59,29
214,F,Winfield,AL,US,2:49,5:15,6:36,6:42,6:44,6:39,6:48,6:57,6:46,7:02,6:57,6:59,7:12,7:13,7:26,7:23,7:33,7:14,7:01,3:35,10:51.0,9:59,32
215,M,Madison,AL,US,2:56,5:20,6:39,6:45,6:42,6:53,6:49,6:39,7:04,6:51,7:08,6:43,7:05,6:45,6:45,6:42,6:49,6:55,7:01,6:26,10:56.3,10:00,67
216,M,Madison,AL,US,3:19,5:31,6:34,6:30,6:41,6:23,7:20,6:57,6:54,6:52,6:52,6:51,6:54,6:46,6:48,6:56,6:59,6:58,6:55,6:27,11:27.6,10:02,51
217,M,Huntsville,AL,US,2:11,2:09,4:17,5:08,5:10,5:07,5:13,5:10,5:12,5:08,5:11,5:30,5:34,5:31,5:19,4:56,4:58,5:13,5:20,39:24:00,11:40.7,10:03,21
218,F,Tuscumbia,AL,US,3:08,5:25,6:29,6:32,6:29,6:32,6:21,6:26,6:27,6:32,6:33,6:27,6:22,6:29,6:38,6:46,6:45,6:46,7:12,11:34,11:52.3,10:04,36
219,M,Hazel Green,AL,US,3:26,6:01,7:24,7:31,7:22,7:17,7:05,7:01,7:08,6:59,6:49,6:51,6:45,6:35,6:30,6:32,6:29,6:14,6:04,5:51,11:54.3,10:04,30
220,M,Madison,AL,US,2:50,5:03,6:16,6:13,6:18,6:26,6:31,6:30,6:27,6:32,6:33,6:43,6:47,6:56,7:10,7:09,7:24,7:30,7:01,9:42,12:00.8,10:05,41
221,M,Madison,AL,US,3:28,6:01,7:23,7:31,7:22,7:16,7:08,6:59,7:08,6:59,6:50,6:50,6:43,6:39,6:29,7:48,7:20,8:07,6:16,2:00,12:16.0,10:06,30
222,M,Florence,AL,US,3:06,5:21,6:17,6:19,6:23,6:25,6:27,6:35,6:46,6:48,6:45,6:43,6:48,6:47,6:47,6:42,6:27,9:36,7:54,7:22,12:19.0,10:06,25
223,F,Florence,AL,US,3:06,5:22,6:17,6:19,6:23,6:25,6:26,6:36,6:46,6:47,6:44,6:43,6:48,6:48,6:47,6:42,6:27,9:36,7:54,7:22,12:19.2,10:06,22
224,F,Madison,AL,US,3:03,5:05,6:06,6:07,6:14,6:24,6:33,6:35,6:39,6:45,6:47,6:52,6:59,7:16,7:15,7:16,7:32,7:39,7:20,8:27,12:51.2,10:08,23
225,F,Decatur,AL,US,8:52,6:15,6:24,6:14,6:28,6:27,6:22,6:27,6:20,6:27,6:21,6:26,6:24,6:17,6:25,6:33,6:02,6:14,6:31,9:48,13:18.9,10:11,45
226,M,Huntsville,AL,US,2:54,5:26,7:01,7:20,7:09,7:15,7:18,7:25,7:11,7:16,7:19,7:05,7:13,7:12,7:11,7:15,7:11,7:01,6:52,2:47,13:22.2,10:11,34
227,F,Madison,AL,US,3:05,5:16,6:35,6:42,6:45,6:50,6:55,6:53,7:00,7:13,7:15,7:08,7:19,7:10,7:06,7:17,7:26,7:31,5:38,6:28,13:29.6,10:11,37
228,M,Trinity,AL,US,3:06,5:31,6:57,7:02,6:56,6:51,6:58,6:58,6:52,6:55,6:58,6:52,6:48,6:49,6:48,6:54,7:08,7:14,7:17,6:40,13:33.8,10:12,28
229,F,Huntsville,AL,US,3:04,5:15,6:30,6:23,6:31,6:36,6:36,6:38,6:42,6:47,6:45,6:46,6:49,7:02,7:09,7:22,7:36,7:37,7:59,7:51,13:58.5,10:14,39
230,F,MadisonMadison,AL,US,2:38,2:38,5:10,6:30,6:26,7:32,7:16,9:42,6:33,7:32,6:36,6:41,7:58,8:30,7:52,8:00,7:07,6:36,6:16,6:31,14:04.3,10:14,18
231,F,Huntsville,AL,US,3:01,5:16,6:46,6:54,7:10,2:52,2:00,2:00,6:57,9:41,7:59,8:04,8:07,8:07,7:54,8:06,8:08,8:19,8:08,8:36,14:04.3,10:14,29
232,M,Jasper,AL,US,2:37,2:40,5:10,6:25,6:17,6:26,6:26,6:43,6:34,6:45,7:16,7:59,7:27,8:37,7:45,8:08,7:31,7:52,7:49,7:42,14:09.1,10:14,52
233,M,Huntsville,AL,US,3:21,6:03,7:16,3:07,7:06,6:55,6:51,7:03,7:03,6:58,6:59,7:04,7:15,7:06,7:00,6:59,7:00,6:57,7:33,8:36,14:11.0,10:15,40
234,M,Huntsville,AL,US,3:18,5:42,6:56,6:47,6:25,6:03,6:07,6:13,6:18,6:28,6:38,6:44,6:48,6:58,7:04,7:20,7:40,8:22,8:26,7:56,14:11.8,10:15,38
235,F,Athens,AL,US,3:18,5:32,6:34,6:31,6:41,6:51,13:49,6:53,6:52,6:52,6:51,6:54,6:45,6:49,6:57,6:59,6:59,6:55,6:26,2:47,14:14.2,10:15,19
236,M,Gurley,AL,US,2:59,5:08,6:18,6:16,6:15,6:14,6:18,6:08,6:05,6:03,5:59,5:57,5:58,5:57,5:56,6:21,6:43,6:43,6:13,21:01,14:30.6,10:16,27
237,F,Huntsville,AL,US,3:24,5:58,7:04,7:01,7:03,7:00,6:41,6:46,7:02,7:01,7:00,7:05,7:19,7:15,7:02,6:59,6:51,6:17,7:23,6:26,14:37.5,10:17,64
238,F,Gallant,AL,US,3:24,5:55,7:10,7:12,7:04,6:57,6:49,6:47,6:50,6:51,6:50,6:54,6:46,6:53,6:51,6:49,6:51,6:54,6:39,8:31,14:56.9,10:18,47
239,F,Altoona,AL,US,3:14,3:09,6:35,6:28,6:37,6:44,6:45,6:51,6:51,7:02,7:08,7:02,7:03,7:01,7:14,7:03,7:12,7:29,6:55,10:35,14:59.8,10:18,32
240,F,Huntsville,AL,US,3:07,5:17,7:02,6:44,6:54,6:49,6:47,6:29,6:42,6:55,6:55,7:10,6:42,6:35,6:30,7:24,7:59,7:38,7:47,7:52,15:16.4,10:20,18
241,F,Huntsville,AL,US,3:05,5:33,6:55,7:02,7:10,7:08,6:56,7:00,6:50,7:02,7:04,6:56,6:55,7:00,7:14,7:15,7:29,7:03,7:09,7:02,15:48.2,10:22,24
242,F,Pulaski,TN,US,3:31,5:20,6:16,6:30,6:46,6:57,7:01,7:14,7:11,7:17,7:15,7:28,7:36,7:42,7:41,7:36,7:36,7:37,3:19,7:59,15:50.4,10:22,27
243,M,Meridianville,AL,US,2:43,4:19,5:35,6:03,6:04,6:22,6:06,6:21,6:13,6:29,6:30,6:58,7:01,6:32,22:18,2:38,2:12,2:05,2:00,21:24,15:52.1,10:22,27
244,M,Muscle Shoals,AL,US,2:46,4:56,6:18,6:02,6:15,6:30,6:23,6:21,6:28,6:12,6:45,6:38,7:08,6:59,7:17,7:49,8:58,11:13,10:19,4:40,15:56.9,10:23,43
245,F,Springville,AL,US,3:00,5:03,6:08,6:09,6:23,6:57,7:09,7:19,7:11,7:20,8:19,7:31,7:25,7:28,7:29,8:12,7:58,8:02,8:00,2:56,15:58.4,10:23,18
246,M,Madison,AL,US,2:26,2:39,5:18,6:40,7:07,6:55,7:15,7:50,6:57,7:17,7:37,7:47,7:28,7:50,7:23,7:23,7:47,7:37,7:45,7:01,16:02.0,10:23,25
247,M,Huntsville,AL,US,3:15,5:14,6:37,6:36,6:29,6:33,6:40,6:40,6:32,6:50,6:44,6:39,6:46,6:56,7:08,7:19,7:38,7:55,9:44,8:15,16:28.6,10:25,25
248,F,Pulaski,TN,US,3:12,5:44,6:59,7:13,7:03,7:11,7:18,7:26,7:30,7:30,7:29,7:31,7:39,7:17,7:21,7:22,7:38,7:39,7:41,2:00,16:43.3,10:26,34
249,F,Bessemer,AL,US,3:23,5:49,6:59,6:48,6:49,6:44,6:46,7:04,6:58,7:00,7:02,7:03,7:08,7:17,10:29,7:19,7:18,7:28,7:28,4:25,17:16.4,10:29,59
250,F,Pulaski,TN,US,2:53,5:01,6:18,6:20,6:30,6:36,6:47,6:59,7:10,7:16,7:26,7:27,7:48,7:58,8:10,8:12,8:27,8:07,8:18,3:42,17:24.2,10:29,36
251,M,Madison,AL,US,3:16,5:43,7:03,6:54,6:52,6:48,6:48,6:43,6:41,6:42,6:48,6:43,6:44,6:40,11:52,7:14,7:07,7:05,6:58,6:59,17:38.3,10:30,60
252,F,Jasper,AL,US,3:33,5:54,6:33,6:24,6:27,6:29,6:33,6:30,6:46,6:47,6:45,7:09,7:26,8:26,7:41,8:08,8:15,8:21,7:36,5:59,17:43.1,10:31,43
253,F,Gallant,AL,US,3:27,6:09,7:14,7:10,7:04,6:57,6:49,6:48,6:50,6:52,6:50,6:54,6:45,6:53,6:49,6:50,6:52,6:54,6:46,10:55,17:49.6,10:31,24
254,M,Dothan,AL,US,3:17,5:32,6:42,6:51,6:50,7:01,7:06,6:54,7:17,7:10,7:12,7:14,7:19,7:23,7:16,7:26,7:24,7:11,7:25,7:24,17:54.8,10:32,57
255,M,Huntsville,AL,US,3:04,5:16,6:26,6:27,6:37,6:38,6:32,6:41,6:51,6:43,6:54,6:51,6:51,6:53,7:05,7:14,7:11,6:49,6:17,14:49,18:09.8,10:33,34
256,F,Decatur,AL,US,3:06,5:22,6:35,6:46,6:45,7:04,6:57,6:45,6:58,7:23,7:04,6:57,7:05,7:04,7:14,7:05,7:05,7:06,6:48,11:02,18:11.8,10:33,42
257,F,Meridianville,AL,US,8:11,6:44,6:23,6:34,6:38,6:43,6:34,6:53,7:26,7:07,7:18,6:51,6:53,6:42,6:44,6:49,6:56,7:00,6:45,7:06,18:19.1,10:34,36
258,M,Madison,AL,US,3:06,4:39,5:45,5:55,6:06,6:28,6:33,6:27,6:30,6:31,6:32,6:24,6:25,6:33,12:55,6:22,6:38,6:21,6:16,15:56,18:20.6,10:34,35
259,F,Massillon,OH,US,3:04,5:24,6:55,7:02,7:11,7:04,7:03,6:58,6:55,7:04,7:07,7:07,7:15,7:25,7:17,7:35,7:29,7:28,7:40,7:27,18:29.4,10:34,33
260,M,Lathrup village,MI,US,2:49,4:56,6:06,6:07,6:13,6:27,6:31,6:50,6:43,7:10,6:53,7:00,7:53,8:13,10:05,6:31,7:56,8:53,7:56,7:30,18:42.0,10:35,60
261,M,Hooover,AL,US,2:44,4:59,6:01,6:15,6:12,6:30,6:32,6:45,6:45,7:07,6:49,7:05,7:49,8:04,8:23,8:25,8:25,8:27,7:53,7:33,18:44.1,10:35,59
262,M,Jasper,AL,US,3:13,5:52,7:13,7:00,7:08,7:14,7:15,7:15,7:15,7:13,7:22,7:28,7:29,7:26,7:25,7:20,7:19,7:20,7:20,5:56,19:01.2,10:37,39
263,F,Madison,AL,US,3:12,5:42,6:46,6:58,7:12,7:13,7:20,7:13,7:21,7:28,7:30,7:29,7:40,7:49,7:42,7:45,7:44,8:04,3:10,7:49,19:09.1,10:37,25
264,F,Huntsville,AL,US,3:08,7:49,6:57,7:21,7:22,7:50,8:07,7:02,6:47,6:31,6:50,6:38,7:12,7:02,6:55,7:10,7:26,7:34,7:04,6:52,19:39.0,10:40,18
265,M,Madison,AL,US,2:55,5:06,6:12,6:06,6:17,6:19,6:36,6:33,6:38,6:39,6:47,6:57,6:53,7:04,7:19,7:35,7:45,7:59,7:59,14:07,19:47.3,10:40,67
266,F,Concord,NC,US,2:58,5:27,6:53,6:54,6:55,6:58,7:07,7:10,7:21,7:30,7:32,7:41,7:47,8:03,7:55,7:57,8:01,7:59,7:35,4:11,19:52.4,10:41,22
267,F,Hartselle,AL,US,3:00,5:36,6:33,6:45,6:49,6:51,6:51,6:36,6:57,7:04,7:08,7:17,7:19,7:27,7:29,7:37,7:20,8:49,8:34,8:09,20:11.8,10:42,32
268,M,Madison,AL,US,3:17,6:57,6:05,6:02,6:12,6:23,6:37,6:36,6:40,6:50,6:41,7:14,7:16,7:58,11:23,8:09,7:05,7:16,7:45,7:49,20:17.0,10:43,36
269,M,Owens Cross Roads,AL,US,3:19,5:31,6:36,6:21,6:31,6:33,6:44,6:55,6:57,7:05,7:02,7:09,7:29,7:26,7:26,7:35,8:49,8:15,9:42,7:26,20:51.3,10:45,25
270,M,Huntsville,AL,US,3:21,5:42,7:00,7:22,7:35,7:20,7:09,7:16,7:16,7:08,7:21,7:32,7:35,7:42,7:46,7:55,7:57,7:58,7:42,4:15,20:51.6,10:45,22
271,M,Huntsville,AL,US,3:29,6:15,7:35,7:40,7:48,7:15,7:04,7:06,7:08,7:16,6:59,7:16,7:06,7:35,7:07,7:21,7:43,7:13,6:47,7:27,21:10.9,10:47,23
272,F,Madison,AL,US,3:13,5:42,6:47,6:58,7:12,7:14,7:21,7:11,7:22,7:27,7:30,7:29,7:40,7:49,7:42,7:45,7:44,8:04,3:11,10:15,21:36.7,10:49,27
273,F,Huntsville,AL,US,3:14,5:28,6:43,6:47,6:47,6:48,6:56,7:00,7:13,7:28,7:32,7:44,8:02,8:20,8:17,8:29,8:39,8:28,8:18,3:31,21:41.7,10:49,25
274,F,Toney,AL,US,3:12,5:37,6:49,6:51,7:10,6:57,7:01,6:55,7:15,7:02,7:18,7:27,7:35,7:38,7:34,8:00,8:16,9:09,7:18,6:46,21:50.7,10:50,36
275,F,Pontotoc,MS,US,3:35,5:46,7:07,7:14,7:25,7:19,7:29,7:25,7:25,7:31,7:30,7:37,7:41,7:43,7:54,8:08,8:12,7:58,3:19,7:34,21:53.5,10:50,26
276,M,Huntsville,AL,US,2:59,5:17,6:35,6:33,6:42,6:56,7:02,7:01,7:40,8:04,8:37,7:13,8:26,7:57,7:58,8:04,8:43,3:56,8:01,8:14,21:57.7,10:50,36
277,M,Gallant,AL,US,3:06,5:21,6:14,6:15,6:25,6:32,6:34,6:33,6:35,6:38,6:25,6:17,6:14,6:08,6:16,6:16,6:01,6:04,30:05:00,2:10,22:07.7,10:51,24
278,F,Bartlett,TN,US,3:23,6:17,7:49,8:05,7:32,7:37,7:27,7:25,7:19,7:16,7:33,7:16,7:09,7:12,7:20,7:03,7:02,6:51,7:54,6:51,22:16.9,10:52,29
279,F,Tampa,FL,US,3:23,5:57,7:20,7:09,7:01,6:59,7:41,7:20,7:14,7:16,8:28,7:30,7:18,7:18,8:24,7:37,7:21,7:22,7:55,5:46,22:18.0,10:52,55
280,F,Huntsville,AL,US,3:33,6:08,7:41,7:17,7:25,7:21,7:23,7:21,7:19,7:19,7:22,7:27,7:17,7:10,6:57,6:56,6:35,5:54,9:19,8:44,22:25.6,10:52,21
281,M,Decatur,AL,US,3:12,5:22,6:54,6:40,6:56,7:13,7:21,7:04,7:22,7:28,7:25,7:22,7:28,7:44,7:46,7:50,7:48,7:51,7:52,7:47,22:26.4,10:52,33
282,M,Huntsville,AL,US,3:08,5:32,6:37,6:34,6:32,6:39,6:36,6:40,6:42,6:49,6:49,7:01,7:13,7:20,7:43,7:34,7:56,8:08,8:26,12:34,22:33.2,10:53,58
283,M,Madison,AL,US,3:27,5:50,6:45,6:47,6:41,7:16,6:47,6:47,7:00,7:56,7:06,7:08,7:12,8:28,7:09,7:19,7:24,7:29,7:44,10:24,22:37.7,10:53,25
284,F,Madison,AL,US,3:27,5:50,6:45,6:47,6:41,7:15,6:46,6:49,7:00,7:55,7:06,7:08,7:14,8:27,7:09,7:19,7:24,7:30,7:44,10:23,22:38.4,10:53,25
285,M,Huntsville,AL,US,3:24,5:44,6:54,7:04,7:25,7:10,7:16,6:46,6:37,7:17,7:55,7:45,7:24,7:20,7:37,8:20,7:15,8:00,8:06,7:25,22:43.8,10:54,25
286,F,Madison,AL,US,3:02,5:22,6:43,6:49,7:06,7:19,7:24,7:20,7:15,7:13,7:04,6:54,6:57,6:53,6:58,6:56,7:00,7:01,7:00,14:43,22:59.5,10:55,26
287,M,Huntsville,AL,US,2:12,2:26,5:02,6:35,6:58,6:58,6:59,7:18,7:16,7:25,7:36,7:45,7:53,8:15,8:30,8:20,9:20,8:52,8:44,8:40,23:03.3,10:55,30
288,M,Madison,AL,US,3:18,5:31,6:58,6:49,6:47,6:39,6:31,6:29,6:20,6:43,6:28,6:31,7:08,8:02,8:11,7:37,8:16,6:52,10:03,11:51,23:03.6,10:55,29
289,M,Toney,AL,US,3:18,5:43,6:56,6:48,6:57,6:58,7:19,7:28,7:14,7:35,7:20,7:34,7:28,7:50,7:30,7:56,7:43,7:47,7:46,7:55,23:06.0,10:55,42
290,M,Piedmont,AL,US,3:22,5:30,6:41,6:39,6:27,6:34,6:33,6:35,6:44,6:45,6:51,6:54,7:00,7:06,7:04,7:21,10:18,10:11,8:34,10:06,23:15.9,10:56,59
291,F,Athens,AL,US,3:30,5:21,6:43,6:48,7:07,7:20,7:23,7:19,7:10,7:20,6:53,6:43,6:58,7:01,6:57,7:04,6:53,7:13,6:58,14:43,23:25.3,10:57,26
292,F,Madison,AL,US,3:18,5:44,7:09,7:25,7:44,7:50,7:52,8:02,8:31,8:01,8:10,8:00,8:07,8:10,8:02,8:08,7:56,8:15,3:28,3:33,23:26.1,10:57,56
293,M,Huntsville,AL,US,3:09,6:14,7:34,7:20,7:01,7:07,7:01,6:42,7:10,7:10,7:22,7:08,7:25,6:59,7:12,7:30,7:30,7:31,6:36,11:48,23:29.9,10:57,28
294,F,Meridianville,AL,US,3:07,5:16,6:38,6:44,7:05,6:51,7:10,7:09,7:20,7:44,7:06,7:32,7:53,8:32,7:55,7:51,8:10,8:37,7:56,6:55,23:30.6,10:57,36
295,F,Huntsville,AL,US,3:07,5:22,6:45,6:48,7:06,7:19,7:24,7:20,7:15,7:14,7:04,6:56,6:55,6:52,6:56,6:58,6:52,7:09,6:58,15:24,23:44.5,10:58,23
296,M,Decatur,AL,US,3:38,3:51,8:26,8:27,8:18,7:46,7:38,7:26,7:19,6:56,6:45,7:02,7:29,7:01,7:31,7:56,7:06,7:44,8:00,7:32,23:51.6,10:59,26
297,F,Arab,AL,US,3:08,5:29,6:50,6:57,7:13,7:27,7:38,7:35,8:18,7:34,7:36,7:57,8:24,8:07,8:13,7:57,7:22,6:37,6:53,6:50,24:03.7,11:00,28
298,M,Huntsville,AL,US,3:03,5:31,6:53,6:54,7:00,6:59,7:11,7:13,7:24,7:37,8:30,7:38,8:01,9:26,8:04,8:07,8:40,8:02,7:59,3:56,24:09.4,11:00,37
299,M,Huntsville,AL,US,3:13,5:59,7:25,7:28,7:18,7:16,7:20,7:21,7:39,7:37,7:50,7:45,8:04,7:48,7:54,8:23,8:18,7:57,5:57,5:47,24:19.2,11:01,30
300,F,Madison,AL,US,3:33,5:53,6:58,7:01,7:01,7:00,7:06,7:01,7:14,7:31,7:29,7:25,7:55,7:40,7:55,8:32,7:12,7:49,8:50,7:26,24:30.7,11:02,31
301,F,Piedmont,AL,US,3:21,5:29,6:41,6:39,6:27,6:34,6:33,6:34,6:45,6:45,6:52,6:54,6:59,7:06,7:00,7:01,7:00,6:59,6:37,20:42,25:00.5,11:04,27
302,F,Minneapolis,MN,US,3:04,5:03,6:19,6:46,7:13,7:54,7:25,7:27,7:47,8:46,9:29,8:12,11:25,8:14,7:25,8:00,6:48,3:14,11:41,2:54,25:07.0,11:05,20
303,M,Harvest,AL,US,2:42,4:47,5:57,6:24,6:27,6:54,7:27,6:53,7:10,12:07,6:51,7:05,7:22,7:18,7:35,7:34,8:00,7:57,7:36,11:17,25:23.6,11:06,31
304,F,Huntsville,AL,US,3:32,6:22,7:35,7:50,7:54,7:49,7:14,7:08,7:05,7:10,7:31,7:04,7:23,7:35,7:53,7:21,7:31,7:35,7:41,8:13,25:25.2,11:06,26
305,M,New Market,AL,US,3:05,5:23,6:55,7:01,7:12,7:03,7:04,7:03,7:07,7:30,7:50,8:05,8:17,8:16,7:59,7:45,7:53,8:13,8:01,7:44,25:25.2,11:06,31
306,M,Huntsville,AL,US,3:25,6:03,7:39,7:30,7:19,7:42,7:34,7:28,7:39,7:44,7:52,7:48,7:42,7:54,7:37,7:37,7:29,7:27,7:15,6:50,25:33.1,11:07,23
307,M,Grant,AL,US,2:54,5:07,6:17,6:16,6:13,6:14,6:17,6:10,6:06,6:01,5:59,5:57,5:58,5:58,5:58,6:18,6:44,6:42,6:13,32:45:00,26:09.0,11:09,25
308,F,Huntsville,AL,US,3:24,6:20,7:50,7:24,7:26,7:40,7:43,7:52,7:47,7:54,7:48,7:44,7:59,7:54,7:50,8:08,8:08,7:57,8:10,3:14,26:10.5,11:10,35
309,M,Huntsville,AL,US,3:23,6:20,8:02,7:13,7:25,7:41,7:41,7:53,7:48,7:53,7:48,7:44,7:59,7:54,7:49,8:09,8:08,7:56,8:10,3:15,26:10.8,11:10,34
310,F,Huntsville,AL,US,3:22,5:56,7:04,7:03,6:59,7:14,7:20,7:55,8:32,7:42,7:37,7:39,8:34,8:00,8:09,8:22,8:32,8:49,8:21,3:27,26:37.2,11:12,40
311,M,Huntsville,AL,US,3:16,3:01,6:36,6:28,6:05,6:22,6:34,6:31,7:33,7:21,7:34,6:57,7:33,9:14,7:27,8:01,9:13,9:26,7:27,14:04,26:43.9,11:12,36
312,F,Huntsville,AL,US,3:14,5:43,7:04,6:56,7:05,7:12,7:20,7:16,7:29,7:27,7:31,7:35,7:41,7:45,7:49,8:00,8:10,8:24,8:23,8:49,26:53.9,11:13,50
313,M,Huntsville,AL,US,3:15,5:56,7:35,7:16,7:27,7:20,7:27,7:22,7:09,7:18,7:13,7:18,7:37,7:12,7:37,7:34,7:33,7:36,11:21,7:48,26:55.2,11:13,26
314,M,Cullman,AL,US,3:10,5:21,6:24,6:19,6:23,6:21,6:26,6:25,6:28,6:41,6:53,6:58,7:11,8:18,8:13,8:40,10:08,10:27,11:51,8:57,27:35.3,11:16,30
315,F,Altoona,AL,US,3:23,6:05,7:34,7:28,7:35,7:40,7:25,7:29,7:38,7:28,7:41,7:42,7:36,7:48,7:43,8:00,7:44,7:50,7:43,8:07,27:38.3,11:16,22
316,M,Attalla,AL,US,3:30,5:46,7:12,7:07,7:04,6:58,6:54,6:47,6:51,7:03,6:56,6:50,7:01,7:13,7:24,7:38,7:20,8:13,14:13,10:04,28:02.6,11:18,31
317,F,Decatur,IL,US,3:00,5:13,6:28,6:29,6:33,7:02,7:11,7:33,7:20,8:53,7:10,8:27,9:01,8:05,7:14,8:42,8:45,7:56,9:26,7:34,28:04.6,11:18,20
318,M,Rome,GA,US,3:00,5:13,6:28,6:28,6:33,7:04,7:10,7:33,7:20,8:54,7:10,8:27,9:01,8:06,7:11,8:44,8:44,7:57,9:26,7:35,28:04.8,11:18,21
319,F,Birmingham,AL,US,3:23,5:33,6:59,7:05,7:35,7:37,7:46,7:58,8:22,8:16,8:27,7:16,7:49,8:49,7:50,8:10,7:55,8:58,8:16,4:16,28:19.4,11:19,23
320,F,Alabaster,AL,US,3:11,5:47,7:18,7:31,7:21,7:39,7:29,7:59,7:38,7:51,7:57,7:55,7:53,8:06,8:08,8:32,8:41,12:17,6:01,3:14,28:27.5,11:20,46
321,M,Harvest,AL,US,3:23,6:18,7:42,7:32,7:49,7:39,7:46,7:40,7:36,7:46,7:46,7:45,7:57,8:21,8:07,8:22,7:58,8:22,6:31,6:20,28:40.1,11:21,20
322,F,Huntsville,AL,US,3:24,6:18,7:41,7:33,7:47,7:39,7:47,7:39,7:37,7:45,7:46,7:45,7:56,8:22,8:08,8:21,7:57,8:22,6:31,6:22,28:40.8,11:21,20
323,M,Hazel Green,AL,US,2:51,5:03,6:13,6:03,6:02,6:02,6:03,6:07,6:11,6:00,6:02,6:06,6:13,6:25,6:34,13:14,12:06,11:59,11:57,11:52,29:04.9,11:23,45
324,F,Haleyville,AL,US,3:34,6:01,7:33,7:20,7:28,7:30,7:29,7:39,7:28,7:52,7:47,7:51,7:46,8:02,7:48,8:13,7:52,8:00,8:02,7:56,29:12.0,11:23,52
325,F,Madison,AL,US,3:23,5:57,7:27,7:23,7:16,7:20,7:30,8:02,7:50,7:48,8:37,7:17,8:48,7:50,8:51,8:22,8:46,8:00,8:45,4:15,29:26.7,11:24,35
326,F,Athens,AL,US,3:17,5:43,7:38,6:59,7:27,7:46,7:25,7:39,7:47,7:30,8:02,7:52,7:50,8:00,8:05,8:35,8:00,8:02,7:54,8:08,29:37.2,11:25,40
327,F,Huntsville,AL,US,3:00,5:40,6:59,7:12,7:02,7:05,7:00,7:10,7:18,7:12,7:05,7:11,7:04,7:18,7:13,7:06,7:03,6:56,6:40,20:49,30:02.8,11:27,23
328,F,Altoona,AL,US,3:29,6:03,7:27,7:25,7:35,7:47,7:48,7:48,8:02,8:05,8:02,8:07,8:08,8:03,8:19,8:23,8:30,8:30,8:15,4:33,30:17.5,11:28,49
329,F,Altoona,AL,US,3:23,5:57,7:32,7:35,7:40,7:47,7:46,7:50,8:02,7:59,8:04,8:09,8:04,8:09,8:18,8:24,8:30,8:31,8:13,4:35,30:27.3,11:29,41
330,F,Meridianville,AL,US,3:31,5:21,6:43,6:48,7:08,7:20,7:24,7:32,7:46,8:02,8:03,8:06,7:58,7:22,7:31,7:50,7:18,7:04,14:42,7:04,30:33.9,11:30,28
331,M,Huntsville,AL,US,3:14,5:59,7:23,7:29,7:18,7:16,7:20,7:21,7:40,7:35,7:50,7:46,7:59,7:53,7:54,8:25,8:16,7:58,5:58,12:10,30:43.3,11:30,30
332,M,Cullman,AL,US,3:14,5:42,6:51,6:56,7:07,7:10,7:11,7:13,7:24,7:33,7:52,8:05,8:18,8:24,8:14,8:07,8:55,8:21,9:30,8:42,30:49.6,11:31,32
333,F,Sterrett,AL,US,3:30,6:11,7:34,7:11,7:05,7:12,7:01,7:07,6:59,6:52,7:04,7:00,7:23,7:19,7:17,7:42,8:10,7:57,20:10,4:24,31:08.2,11:32,49
334,M,Albertville,AL,US,3:23,6:19,7:37,7:20,7:22,7:22,7:20,7:24,7:18,7:21,7:21,7:26,7:17,7:32,7:55,8:15,8:04,8:10,7:37,12:49,31:11.3,11:32,27
335,F,Starkville,MS,US,3:15,5:45,7:03,7:13,7:43,8:13,8:55,7:46,7:39,7:38,7:31,7:20,9:33,10:17,7:37,8:17,8:47,7:26,6:34,6:49,31:19.7,11:33,22
336,F,Double Springs,AL,US,9:35,7:32,7:21,7:27,7:27,7:32,7:35,7:33,7:43,7:32,8:09,7:32,7:14,7:25,7:08,7:01,7:39,7:42,7:43,6:31,31:21.3,11:33,37
337,F,Harvest,AL,US,3:07,5:29,6:53,6:56,7:14,7:26,7:40,7:34,8:17,7:33,7:36,7:57,8:24,8:15,8:04,7:55,8:02,8:50,8:47,9:23,31:22.4,11:33,31
338,M,New Market,AL,US,3:15,5:14,6:17,6:18,6:22,6:32,7:06,7:06,7:13,9:43,13:25,7:48,8:47,7:12,9:16,7:19,9:47,7:18,9:17,6:16,31:31.5,11:34,39
339,M,Huntsville,AL,US,3:01,5:41,6:57,7:13,7:02,7:05,7:01,7:09,7:18,7:12,7:05,7:10,7:04,7:19,7:11,7:07,7:03,6:55,6:31,22:28,31:32.1,11:34,23
340,M,Madison,AL,US,3:20,5:30,6:48,7:04,6:49,6:49,6:58,7:17,7:50,7:35,8:00,8:23,7:52,7:55,8:08,8:29,9:34,9:29,9:16,8:32,31:38.4,11:35,26
341,M,Boonton,NJ,US,3:15,5:40,6:58,6:57,7:04,7:30,7:08,7:36,7:37,8:03,7:33,8:30,7:49,7:37,8:31,8:00,8:40,7:29,10:59,8:45,31:39.9,11:35,62
342,F,Pulaski,TN,US,3:11,5:43,6:59,7:13,7:04,7:11,7:17,7:26,7:31,7:30,7:35,7:26,10:40,7:41,8:10,8:59,8:29,8:38,8:28,8:41,31:52.1,11:36,25
343,F,Horton,AL,US,3:07,5:29,6:29,6:55,7:08,7:20,7:35,7:39,7:52,8:03,8:01,8:16,8:21,8:24,8:15,8:25,8:32,8:34,8:32,9:00,31:59.8,11:36,32
344,F,Ardmore,AL,US,3:10,5:39,7:05,7:14,7:24,7:33,7:45,7:45,8:02,8:10,7:39,7:58,7:51,7:55,8:07,8:14,8:29,8:38,8:20,9:05,32:01.8,11:36,21
345,M,Florence,AL,US,3:37,6:43,7:55,7:38,7:55,8:01,7:50,7:48,7:32,11:17,7:46,7:41,7:09,7:25,7:36,7:36,7:49,8:01,7:32,8:11,33:00.4,11:41,28
346,M,Madison,AL,US,3:09,5:52,7:10,7:21,7:21,7:28,7:22,7:33,7:45,7:51,7:55,7:57,7:52,8:12,8:11,8:24,10:14,8:48,8:51,7:54,33:11.6,11:42,55
347,M,Huntsville,AL,US,3:11,4:24,5:23,5:36,5:41,5:45,5:44,5:43,5:55,5:49,5:47,5:39,5:49,5:43,5:41,5:49,5:41,5:38,5:11,49:03:00,33:13.4,11:42,23
348,M,Huntsville,AL,US,3:16,5:47,7:01,7:08,7:03,7:55,7:53,7:11,7:46,8:06,8:35,7:47,8:03,8:26,8:12,8:36,8:33,9:11,8:37,8:15,33:21.4,11:42,26
349,F,Madison,AL,US,3:13,5:38,6:49,6:52,7:09,6:58,7:00,6:55,7:16,7:01,7:17,7:28,7:35,7:39,7:34,8:00,8:16,9:11,7:17,18:27,33:33.8,11:43,26
350,F,Harvest,AL,US,3:30,9:19,6:43,7:00,7:16,7:45,7:47,7:53,8:04,8:05,8:12,7:58,8:08,8:23,8:48,8:24,9:24,9:01,8:00,4:09,33:49.9,11:45,43
351,M,Seattle,WA,US,3:04,5:33,7:13,7:25,7:31,7:44,7:57,8:10,8:05,7:55,8:14,7:59,8:19,8:05,8:27,8:16,8:27,8:35,8:06,8:59,34:03.7,11:46,54
352,F,Seattle,WA,US,3:05,5:33,7:14,7:25,7:32,7:45,7:56,8:09,8:06,7:54,8:13,8:01,8:17,8:06,8:26,8:16,8:26,8:36,8:06,9:00,34:04.2,11:46,55
353,M,Birmingham,AL,US,3:54,3:43,7:53,7:57,7:50,8:00,7:52,7:50,7:51,7:44,8:03,7:59,7:50,7:57,8:04,9:02,8:25,8:41,8:53,8:44,34:12.7,11:46,80
354,F,Madison,AL,US,3:24,6:20,8:03,8:15,8:37,8:17,8:13,8:32,8:20,8:25,8:13,8:12,8:25,8:20,8:28,8:12,8:08,7:59,8:12,4:14,34:49.8,11:49,51
355,F,Harvest,AL,US,3:24,6:19,8:04,8:16,8:37,8:17,8:11,8:33,8:20,8:23,8:14,8:13,8:26,8:19,8:28,8:12,8:08,7:40,7:55,5:03,35:02.1,11:50,51
356,F,Fayetteville,TN,US,3:38,6:32,7:47,7:48,7:49,8:01,8:04,8:11,8:00,8:08,8:04,8:10,8:27,8:12,8:20,8:07,8:17,8:12,8:24,8:03,36:13.3,11:56,47
357,M,Owens Cross Roads,AL,US,3:38,6:37,9:04,7:48,7:47,8:06,8:11,8:09,8:05,7:54,7:58,7:59,7:58,8:01,8:05,7:56,7:57,8:00,11:23,6:04,36:40.1,11:58,50
358,F,LawrenceburgLawrenceburg,TN,US,3:14,5:42,7:02,7:06,7:41,7:43,7:32,8:08,8:01,8:35,8:11,7:51,8:16,8:44,8:01,8:36,8:19,7:45,10:44,9:32,36:44.2,11:58,28
359,F,Birmingham,AL,US,3:05,5:40,7:15,7:18,7:16,7:14,7:23,7:26,7:32,7:33,7:38,7:48,8:06,8:09,8:04,8:11,8:23,8:19,8:15,16:12,36:48.0,11:58,23
360,M,Huntsville,AL,US,4:38,6:03,7:28,7:17,7:23,7:27,7:47,8:14,8:07,7:53,7:59,7:58,8:06,8:20,8:23,8:38,9:00,8:33,8:09,9:33,36:54.2,11:59,46
361,F,Birmingham,AL,US,3:51,6:34,7:42,7:38,7:53,8:01,7:55,8:22,8:10,8:13,8:21,7:32,7:44,8:02,9:07,9:30,10:12,7:34,6:39,8:03,37:02.6,11:59,26
362,M,Huntsville,AL,US,3:00,5:02,6:14,6:15,6:15,6:46,6:48,6:56,7:23,7:19,7:35,8:00,8:32,8:28,10:44,13:42,11:02,9:30,8:04,9:46,37:19.9,12:01,31
363,M,Huntsville,AL,US,3:08,5:04,6:19,6:33,6:34,6:45,7:31,7:22,7:44,8:14,8:43,9:03,10:17,9:33,9:30,9:48,11:10,9:27,9:49,4:49,37:24.8,12:01,28
364,F,Madison,AL,US,3:16,6:00,7:28,7:26,7:21,7:45,7:57,7:57,8:24,7:29,7:29,8:50,8:22,8:40,8:27,9:08,8:38,9:05,9:04,9:03,37:48.2,12:03,28
365,F,Irondale,AL,US,3:21,5:57,7:28,7:30,7:40,7:36,7:34,7:48,7:58,8:10,8:14,8:17,9:23,8:45,9:01,8:12,8:56,8:47,8:00,9:22,37:58.8,12:04,36
366,M,Huntsville,AL,US,3:27,6:03,7:21,7:33,7:26,7:32,7:33,7:36,7:44,7:48,8:04,8:16,8:17,8:19,8:43,8:40,8:13,8:36,8:01,12:47,37:59.5,12:04,32
367,F,Huntsville,AL,US,3:29,6:02,7:26,7:30,7:28,7:32,7:33,7:38,7:43,7:49,8:02,8:19,8:15,8:25,8:38,8:43,8:10,8:35,8:00,12:49,38:04.8,12:04,31
368,M,Gurley,AL,US,2:50,5:15,6:48,7:22,7:39,7:54,7:58,7:53,8:05,8:37,8:26,8:34,8:47,8:35,8:31,8:39,8:35,8:40,9:21,9:40,38:08.4,12:04,43
369,F,Madison,AL,US,3:44,6:35,8:01,8:23,8:31,8:29,8:19,8:40,8:46,9:06,8:42,8:47,8:36,8:54,9:01,8:52,9:02,9:05,7:46,0:56,38:15.2,12:05,34
370,M,Madison,AL,US,3:41,3:48,8:24,8:32,8:39,8:41,8:27,8:27,8:46,8:25,8:26,8:19,8:14,8:44,8:29,8:19,8:29,8:33,7:28,7:27,38:16.9,12:05,26
371,M,Madison,AL,US,3:45,6:34,12:35,8:00,7:49,7:59,7:50,7:54,7:46,8:21,8:42,8:49,8:33,8:54,9:02,8:52,9:02,9:06,7:47,0:57,38:17.0,12:05,63
372,M,New Market,AL,US,2:57,5:18,6:31,7:06,7:17,7:33,7:46,7:40,7:54,8:01,8:29,8:28,8:34,8:51,8:56,9:51,9:44,9:25,9:51,8:56,39:08.7,12:09,56
373,F,Muscle Shoals,AL,US,3:53,6:38,8:16,8:20,8:23,8:22,8:15,8:11,8:14,8:14,8:07,8:12,8:04,8:06,8:09,8:12,8:50,8:37,8:12,8:11,39:25.9,12:10,46
374,M,Huntsville,AL,US,3:37,6:15,7:57,7:36,7:37,7:51,7:50,7:46,7:58,8:02,8:05,8:16,8:08,8:19,8:27,8:47,9:19,9:14,9:23,9:00,39:27.4,12:10,49
375,F,Owens Cross Roads,AL,US,3:43,6:30,7:52,7:47,7:55,8:09,8:12,8:15,8:09,8:24,8:32,8:28,8:28,8:31,8:38,8:39,8:02,7:58,7:43,9:58,39:53.1,12:12,20
376,F,Laceys Spring,AL,US,3:44,6:18,7:39,8:04,8:12,8:05,7:57,8:06,8:32,8:08,8:31,8:13,8:20,8:27,8:29,8:38,8:18,8:16,7:46,10:18,39:59.2,12:13,27
377,F,Madison,AL,US,3:16,5:47,6:46,6:42,7:09,7:29,7:44,7:45,8:00,8:09,8:32,9:00,8:36,9:47,10:11,10:26,9:45,10:07,11:25,3:35,40:09.3,12:14,41
378,F,Holly Pond,AL,US,3:30,6:26,8:06,7:48,7:58,7:49,7:57,8:03,7:59,8:10,8:47,8:33,8:30,8:40,9:02,9:34,8:59,9:34,10:34,4:55,40:54.1,12:17,61
379,F,Huntsville,AL,US,3:36,6:53,8:09,8:07,7:58,8:13,8:18,8:33,8:59,8:50,9:03,8:51,9:08,9:13,8:44,9:19,9:04,9:14,9:08,2:00,41:19.7,12:19,36
380,M,Prospect,TN,US,3:18,6:02,7:14,7:20,7:05,7:17,7:13,7:22,7:30,7:18,7:31,7:48,7:56,8:06,7:46,8:00,8:00,8:06,7:30,23:03,41:24.2,12:19,61
381,F,Gadsden,AL,US,3:23,6:05,7:34,7:30,7:20,7:14,7:24,7:09,7:27,7:46,7:52,8:19,8:01,8:40,8:46,8:31,8:22,7:50,8:32,17:52,41:37.9,12:20,19
382,F,Madison,AL,US,2:58,5:08,6:33,7:00,7:15,7:29,7:54,8:26,7:39,7:57,8:15,8:47,8:32,9:24,9:35,9:25,9:17,10:01,9:33,11:02,42:08.9,12:23,37
383,M,Vance,AL,US,3:25,5:51,7:01,7:40,7:21,7:48,7:57,7:08,8:59,8:51,9:16,10:00,10:37,9:17,10:34,7:51,7:35,9:07,8:20,7:49,42:27.6,12:24,57
384,F,Southside,AL,US,3:47,6:50,8:22,8:30,8:36,8:41,8:21,7:57,8:26,8:01,7:53,7:56,7:59,8:09,7:58,9:31,9:37,8:23,9:05,8:48,42:50.8,12:26,48
385,F,Owens Cross Roads,AL,US,3:43,6:30,7:50,7:49,7:58,8:08,8:12,8:15,8:09,8:27,8:29,8:29,8:28,8:31,8:38,8:38,10:21,9:45,6:39,9:59,42:57.2,12:26,25
386,F,Boaz,AL,US,3:33,6:15,7:47,8:06,8:11,8:05,8:06,8:14,8:06,8:17,8:21,8:28,8:29,8:32,8:48,9:02,9:10,9:24,9:07,9:26,43:28.6,12:29,47
387,F,Murray,KY,US,4:22,6:28,7:51,7:50,7:55,7:57,7:59,8:20,8:11,8:17,8:21,8:24,8:25,8:32,8:34,8:24,8:32,8:30,10:37,10:11,43:40.1,12:30,53
388,M,Sugar Land,TX,US,3:29,6:17,7:35,7:40,7:54,8:05,8:21,8:25,8:25,8:29,8:50,9:09,9:36,9:50,10:15,10:46,10:01,9:38,9:14,2:02,43:59.6,12:31,61
389,F,Pulaski,TN,US,3:22,5:48,7:32,7:31,7:46,8:11,8:45,8:30,8:42,8:51,9:02,8:53,8:47,8:56,9:01,9:09,9:11,8:42,7:29,10:23,44:31.0,12:34,31
390,M,Meridianville,AL,US,3:03,5:15,6:23,6:37,9:10,10:13,9:35,8:17,8:10,8:10,9:50,11:07,10:49,11:06,10:52,10:40,9:49,10:29,2:17,2:55,44:47.5,12:35,26
391,M,Huntsville,AL,US,3:16,5:31,6:56,7:08,7:15,7:21,7:25,7:37,7:58,8:11,8:14,8:52,13:13,8:23,8:47,10:04,9:39,9:09,9:22,10:57,45:16.6,12:37,31
392,M,Madison,AL,US,3:31,6:24,7:25,7:18,7:26,7:30,7:30,7:38,7:47,7:46,8:11,10:32,8:24,9:11,9:37,9:50,9:04,9:28,8:54,11:57,45:25.3,12:38,37
393,F,Madison,AL,US,3:20,5:51,7:19,7:48,8:30,8:17,8:17,8:35,8:41,8:51,8:51,8:34,8:40,8:38,9:01,9:10,9:14,8:45,9:58,9:07,45:27.9,12:38,42
394,F,Madison,AL,US,3:11,5:45,7:53,8:14,8:04,7:53,7:39,7:36,7:38,7:31,7:16,7:01,6:48,6:23,5:40,19:24,2:08,19:00,14:29,5:54,45:28.7,12:38,15
395,F,Florence,AL,US,3:24,6:11,7:37,7:56,8:08,8:18,8:29,8:46,8:44,8:27,8:59,9:11,8:41,9:11,8:57,9:13,9:10,9:00,9:41,7:37,45:38.2,12:39,34
396,M,Madison,AL,US,3:28,5:49,7:11,7:03,7:19,7:26,7:22,7:31,7:28,7:24,7:26,7:36,7:26,7:40,7:58,7:52,8:06,7:53,7:52,27:54:00,45:43.5,12:39,28
397,F,Rainsville,AL,US,3:26,5:49,7:20,7:30,8:13,8:05,8:29,8:58,8:09,10:48,10:00,9:04,9:22,8:57,10:07,7:55,8:29,8:38,8:30,8:13,46:02.8,12:41,57
398,F,Huntsville,AL,US,3:44,6:39,8:05,8:09,8:08,8:10,22:32,7:45,7:42,7:36,7:32,7:07,7:04,7:02,7:23,7:03,7:11,7:02,11:46,8:40,46:21.6,12:42,24
399,F,Indianapolis,IN,US,3:15,6:09,7:55,8:03,8:13,8:25,8:34,8:34,8:39,8:49,9:13,8:52,9:39,8:56,8:47,8:38,8:31,9:26,9:06,8:47,46:30.1,12:43,47
400,F,Harvest,AL,US,3:57,8:48,8:40,8:30,8:56,8:51,8:54,9:06,9:10,8:55,8:52,9:07,9:14,9:21,9:32,9:29,9:35,9:19,2:08,6:28,46:52.3,12:44,49
401,M,Birmingham,AL,US,3:20,5:50,7:00,6:51,6:58,6:46,7:06,7:08,6:56,7:21,6:55,7:43,6:58,7:19,7:24,8:26,7:17,7:11,37:24:00,5:16,47:08.2,12:46,52
402,M,Owens Cross Roads,AL,US,3:18,6:05,8:06,8:00,8:35,8:21,8:20,8:26,8:43,8:43,9:26,8:36,8:52,9:08,8:52,9:12,9:11,9:06,9:13,9:02,47:15.0,12:46,66
403,F,Horton,AL,US,3:35,6:36,8:19,8:29,8:45,8:43,8:52,9:10,9:24,8:49,9:19,9:20,9:11,9:16,9:47,10:11,10:15,9:58,7:28,2:05,47:30.2,12:47,46
404,F,New Market,AL,US,3:24,5:52,8:11,8:22,7:52,8:18,8:29,8:17,8:50,9:38,8:51,9:00,8:34,9:11,9:31,9:13,8:58,9:14,8:59,8:58,47:38.9,12:48,36
405,M,Madison,AL,US,3:11,5:48,8:21,8:58,8:59,8:57,9:27,9:28,9:33,8:15,8:22,8:47,8:19,9:07,8:12,8:26,8:12,7:45,3:21,16:22,47:47.9,12:49,26
406,M,Huntsville,AL,US,3:28,6:29,8:15,8:09,7:57,8:02,8:02,7:57,8:06,8:12,8:10,7:58,7:51,7:27,7:46,7:42,7:47,7:21,11:02,20:31,48:11.9,12:50,24
407,M,Madison,AL,US,3:15,5:33,6:58,6:55,7:01,6:48,9:52,7:08,7:11,7:05,7:19,7:01,7:10,7:13,7:18,7:10,8:01,7:15,7:03,35:34:00,48:50.6,12:53,34
408,F,Wooster,OH,US,4:44,6:52,8:13,8:10,8:10,8:03,8:13,8:09,8:24,8:33,8:27,9:54,8:57,10:25,10:27,9:32,9:06,8:21,8:15,8:31,49:26.3,12:56,54
409,F,Huntsville,AL,US,3:41,6:38,8:17,8:49,8:17,8:17,8:40,8:57,9:32,9:06,8:55,9:00,9:38,9:33,8:50,9:37,9:39,9:18,3:48,11:00,49:32.1,12:56,24
410,M,Cordova,TN,US,3:34,6:37,8:05,7:58,7:55,8:26,7:46,8:19,8:30,8:28,8:57,8:37,8:48,9:06,8:57,9:19,9:30,9:46,10:53,10:11,49:42.0,12:57,64
411,F,Fort Payne,AL,US,3:39,6:45,8:23,8:36,8:49,8:36,8:44,8:32,8:52,9:11,8:56,9:35,9:18,9:28,9:38,9:43,9:53,10:12,10:02,2:54,49:44.2,12:57,73
412,F,Brentwood,TN,US,3:27,6:10,7:28,7:36,7:50,7:56,8:03,8:05,8:23,8:41,9:13,9:05,8:31,8:54,10:59,10:29,8:54,12:25,9:02,8:59,50:08.1,12:59,49
413,F,Columbus,GA,US,3:56,5:54,7:19,7:09,7:19,7:29,8:01,7:53,8:47,8:48,8:45,9:17,9:20,9:48,10:04,10:14,10:36,10:09,9:49,10:05,50:44.1,13:02,51
414,F,Chula Vista,CA,US,4:40,6:49,8:18,7:54,8:01,7:35,8:27,7:56,8:23,8:49,8:59,8:36,8:41,9:22,9:11,8:51,8:44,10:40,9:02,12:05,51:02.7,13:03,53
415,M,Franklin,TN,US,3:39,3:51,8:31,8:49,9:01,9:07,8:43,9:02,9:27,9:27,9:26,9:39,9:50,10:13,10:20,9:51,9:39,9:42,9:48,3:03,51:06.9,13:04,24
416,F,Plainfield,IN,US,3:11,5:51,7:39,9:10,8:19,8:28,8:39,8:51,9:07,9:04,9:20,8:46,9:28,9:00,9:27,8:43,9:21,8:47,10:41,9:29,51:22.1,13:05,41
417,M,Muscle Shoals,AL,US,28:34:00,3:21,7:14,7:13,7:08,7:13,7:12,7:03,7:16,7:24,7:18,7:29,7:27,7:33,8:03,8:31,9:05,8:54,8:46,8:44,51:26.2,13:05,39
418,F,Muscle Shoals,AL,US,28:35:00,3:19,7:16,7:13,7:07,7:13,7:12,7:02,7:15,7:24,7:19,7:29,7:26,7:33,8:04,8:31,9:04,8:55,8:45,8:44,51:26.8,13:05,38
419,F,Huntsville,AL,US,3:07,5:18,7:03,8:31,8:39,7:49,8:08,8:31,8:18,8:17,8:24,8:24,11:36,9:03,10:29,10:22,9:22,8:55,13:16,7:57,51:29.1,13:05,18
420,F,Acworth,GA,US,3:34,7:09,8:43,8:50,9:03,9:18,8:58,9:43,9:07,9:04,9:16,8:45,8:54,8:53,9:00,9:05,8:50,9:14,8:12,8:04,51:42.0,13:06,18
421,M,,,ZA,3:12,5:32,7:23,7:33,7:32,7:41,8:03,8:12,8:58,9:08,9:27,9:49,9:42,9:41,9:30,9:38,9:58,9:43,11:23,9:38,51:43.0,13:06,43
422,F,Meridianville,AL,US,3:57,8:50,8:48,8:57,8:50,8:51,8:55,9:03,9:10,8:46,9:07,8:53,8:46,8:48,8:54,9:00,9:02,7:32,10:40,6:58,51:44.3,13:07,37
423,F,Meridianville,AL,US,3:57,8:50,8:48,8:57,8:50,8:52,8:55,9:04,9:10,8:47,9:06,8:52,8:46,8:47,8:55,9:01,9:01,7:32,10:41,6:58,51:46.7,13:07,42
424,M,Alpine,AL,US,3:51,8:39,8:47,8:37,8:01,8:09,8:40,8:47,8:49,8:56,8:56,8:43,8:25,8:45,9:27,9:28,9:31,9:33,9:15,8:27,51:47.9,13:07,60
425,M,Huntsville,AL,US,3:05,5:33,7:08,8:28,8:35,8:12,8:33,9:13,8:16,8:43,8:43,9:07,9:22,8:56,9:43,9:41,9:09,9:39,10:37,11:57,52:39.9,13:11,26
426,M,Huntsville,AL,US,3:04,5:33,7:08,7:41,8:09,8:19,8:28,8:33,8:34,8:46,9:50,8:51,8:54,9:32,10:14,9:43,9:08,9:36,10:39,11:56,52:40.5,13:11,33
427,F,Yorktown,VA,US,3:40,7:03,8:45,8:44,8:42,8:45,8:48,8:41,8:41,8:29,8:24,8:28,8:26,8:26,8:38,9:01,9:26,9:48,8:40,13:13,52:47.4,13:11,45
428,F,Madison,AL,US,3:44,6:43,8:07,7:58,9:05,8:37,8:42,8:54,8:45,8:54,9:10,9:11,9:40,9:31,9:48,9:39,9:36,9:27,10:20,9:15,55:05.4,13:22,31
429,F,Boaz,AL,US,4:07,8:26,7:57,7:59,8:18,8:20,8:24,9:05,8:41,8:59,8:54,9:08,9:33,9:06,9:08,9:01,9:29,8:50,4:09,18:12,55:45.7,13:25,54
430,F,Tuscumbia,AL,US,3:57,6:07,8:08,8:09,8:30,8:25,8:20,8:38,8:36,8:40,8:40,8:47,8:40,8:54,9:11,9:19,8:51,8:52,8:14,18:56,55:53.5,13:26,29
431,F,Huntsville,AL,US,3:47,6:44,8:29,8:32,8:32,8:20,8:24,8:17,8:26,13:24,8:38,8:37,8:24,8:42,9:48,8:49,9:36,9:15,8:21,13:03,56:08.0,13:27,24
432,F,Huntsville,AL,US,3:23,5:59,7:36,8:14,7:53,7:40,7:40,8:18,8:56,9:14,8:06,9:38,9:47,10:24,9:11,9:53,9:39,10:20,10:25,13:53,56:08.6,13:27,29
433,F,Russellville,AL,US,3:23,6:07,8:07,8:09,8:30,8:25,8:20,8:37,8:37,8:40,8:39,8:48,8:42,8:52,9:12,9:18,8:51,8:53,8:13,19:52,56:15.5,13:27,23
434,F,Kimberly,AL,US,3:35,6:27,8:07,8:21,8:26,8:58,9:33,9:20,9:36,9:41,9:13,9:46,9:29,9:24,9:48,9:46,9:43,8:43,10:07,8:18,56:22.6,13:28,20
435,F,Harvest,AL,US,3:34,6:22,7:34,7:50,7:53,8:16,8:17,8:43,9:11,9:32,9:32,9:13,9:48,9:45,10:09,10:18,10:05,10:12,10:17,9:55,56:25.8,13:28,27
436,M,Owens Cross Roads,AL,US,3:40,9:24,9:35,9:27,8:58,9:22,8:58,9:13,10:07,9:01,8:55,8:49,9:33,8:39,9:06,8:57,8:07,8:02,7:56,10:52,56:40.9,13:29,32
437,F,Athens,AL,US,3:37,7:07,8:42,8:51,9:03,9:23,8:57,9:44,9:08,8:53,11:21,7:46,8:58,9:30,9:54,9:08,9:34,9:51,8:59,8:20,56:44.8,13:30,29
438,M,Huntsville,AL,US,4:25,6:43,8:29,8:32,8:32,8:20,8:25,8:16,8:26,13:25,8:37,8:36,8:26,8:41,9:49,8:49,9:36,9:14,8:22,13:04,56:46.8,13:30,27
439,F,Ardmore,AL,US,3:11,5:40,7:17,7:39,7:33,7:44,7:41,7:41,7:46,7:39,7:43,7:55,7:51,8:06,8:02,8:21,10:14,10:51,12:03,26:02:00,56:56.2,13:30,22
440,F,Huntsville,AL,US,3:32,6:33,8:15,8:09,8:19,8:35,9:11,9:01,9:31,9:16,9:11,9:28,9:16,9:41,9:55,10:18,10:18,10:23,9:19,8:54,57:06.2,13:31,33
441,M,Madison,AL,US,2:59,5:34,7:21,7:25,7:13,7:15,7:17,7:28,8:07,7:56,8:37,7:57,8:01,8:07,7:55,8:05,8:08,8:18,8:45,35:01:00,57:30.4,13:33,45
442,F,Huntsville,AL,US,4:08,9:10,9:13,9:31,9:35,9:25,9:38,9:21,10:09,9:16,9:05,8:47,8:27,8:36,8:26,9:55,11:24,9:12,8:21,7:15,58:55.9,13:40,43
443,M,Huntsville,AL,US,3:19,5:44,6:55,7:36,8:03,9:45,9:04,8:52,8:50,9:19,8:54,9:39,9:50,9:39,11:14,11:41,12:05,9:42,9:51,9:17,59:19.1,13:41,24
444,F,Ohatchee,AL,US,4:09,9:10,9:15,9:29,9:37,9:26,9:36,9:24,10:07,9:21,9:25,9:52,9:52,10:08,10:10,10:10,9:46,9:23,8:36,2:55,59:48.6,13:44,43
445,M,Muscle Shoals,AL,US,3:53,6:39,8:16,16:42,8:22,8:15,8:11,8:14,8:15,8:07,8:10,8:05,8:07,8:08,8:13,8:58,10:49,9:29,13:28,11:48,00:08.8,13:45,46
446,M,Oklahoma City,OK,US,4:10,8:56,8:42,8:49,9:06,9:04,9:33,9:47,9:19,9:55,9:55,9:55,10:06,10:31,11:46,10:50,10:10,10:20,7:29,2:29,00:53.2,13:48,57
447,F,Huntsville,AL,US,3:51,6:46,8:35,8:47,8:46,8:33,8:49,8:58,9:10,9:52,9:24,9:33,9:32,9:59,9:58,9:38,9:48,10:35,10:52,10:31,01:55.7,13:53,25
448,M,Madison,AL,US,3:36,5:28,7:05,7:33,7:36,7:49,8:00,8:12,8:28,17:39,9:11,9:33,9:30,9:58,10:19,10:03,9:40,8:49,13:32,10:03,02:04.3,13:54,44
449,M,Huntsville,AL,US,3:44,8:08,9:37,9:52,9:25,9:47,9:11,9:10,9:34,10:09,9:33,9:13,9:24,10:14,9:54,10:32,10:06,9:46,9:17,5:35,02:09.0,13:54,21
450,F,Madison,AL,US,3:13,5:44,7:54,8:14,8:04,7:52,7:40,7:35,7:39,7:31,7:16,7:01,6:49,6:23,5:39,19:23,36:11:00,7:14,7:33,7:20,02:14.4,13:55,18
451,F,Harvest,AL,US,3:39,8:56,8:59,9:07,9:07,9:08,9:09,9:09,9:26,9:41,8:48,9:07,9:23,9:28,9:24,9:33,9:52,10:00,10:25,10:29,02:49.4,13:57,70
452,M,Florence,AL,US,4:17,9:37,9:31,9:59,10:07,10:04,9:52,9:43,9:30,9:27,9:24,9:21,9:24,9:12,8:42,8:48,8:52,9:05,9:23,8:43,03:03.0,13:58,63
453,F,Fort Payne,AL,US,3:44,6:06,8:14,8:22,8:49,9:07,9:05,10:02,10:29,10:10,10:45,9:29,9:21,10:20,9:11,9:18,10:00,9:26,12:09,9:09,03:16.1,13:59,62
454,F,Owens Cross Roads,AL,US,3:27,6:12,7:59,8:12,9:28,9:03,8:36,13:23,8:59,10:00,8:46,9:36,9:00,9:51,9:10,10:08,9:35,8:58,14:04,8:56,03:23.6,14:00,40
455,F,Laceys Spring,AL,US,4:33,8:56,8:48,8:59,9:03,8:59,9:52,9:16,9:25,9:24,9:10,9:32,9:46,9:46,9:47,9:34,9:28,9:24,9:36,10:37,03:52.7,14:02,61
456,M,Auburn,AL,US,4:07,9:10,9:14,9:30,9:37,9:25,9:38,9:21,10:07,9:16,9:07,9:18,11:37,10:38,10:39,10:26,9:41,9:20,9:16,5:23,04:48.9,14:06,36
457,M,Lebanon,TN,US,3:38,6:37,8:30,8:50,9:00,9:20,9:21,9:21,9:37,9:31,9:29,9:39,9:27,9:38,9:43,9:41,10:08,10:36,10:35,12:22,05:03.1,14:08,50
458,F,Rainbow City,AL,US,3:53,9:29,9:04,9:02,8:55,8:47,8:51,9:22,9:28,9:51,10:39,9:43,11:11,11:23,10:49,10:59,10:38,9:10,8:18,6:00,05:31.2,14:10,25
459,M,Lebanon,TN,US,4:40,6:37,8:29,8:52,9:00,9:21,9:19,9:23,9:36,9:30,9:31,9:39,28:46:00,9:41,10:08,10:35,10:36,11:16,1:00,0:06,06:05.8,14:12,47
460,F,Clearwater,FL,US,3:54,8:52,8:46,8:46,9:09,9:06,9:27,9:50,9:20,9:53,9:55,9:55,10:05,10:30,11:47,10:51,10:10,10:20,5:53,10:44,07:13.8,14:18,20
461,F,Madison,AL,US,3:31,6:27,7:53,8:10,8:17,8:02,8:11,8:23,8:18,8:20,8:46,8:47,8:36,8:48,9:01,9:17,9:01,33:58:00,7:45,7:48,07:20.3,14:18,68
462,F,Huntsville,AL,US,3:48,7:01,8:59,9:16,9:20,5:12,9:29,10:24,10:59,10:45,10:19,10:31,10:37,10:19,10:42,9:48,10:19,10:25,9:56,9:25,07:33.9,14:19,25
463,F,Madison,AL,US,3:19,6:40,9:56,9:41,9:47,9:44,9:37,9:29,9:55,9:41,9:40,10:17,10:13,10:04,10:03,10:24,10:16,9:33,9:44,9:54,07:58.5,14:21,24
464,F,Madison,AL,US,3:43,6:44,8:47,8:59,9:19,9:14,9:12,9:20,9:24,14:06,9:36,9:33,10:04,10:19,10:32,10:25,10:40,10:01,10:18,10:01,10:17.0,14:32,29
465,M,Elkmont,AL,US,3:03,6:32,8:29,10:17,9:30,9:14,10:05,9:32,10:01,9:42,10:25,10:08,9:54,10:39,10:14,10:40,10:58,9:27,11:03,11:02,10:52.0,14:34,25
466,F,Elkmont,AL,US,9:35,8:30,10:17,9:30,9:14,10:05,9:29,10:03,9:42,10:25,10:07,9:53,10:40,10:14,10:41,10:57,9:26,11:02,11:02,0:01,10:53.0,14:34,26
467,F,Huntsville,AL,US,3:55,6:56,8:14,8:30,8:50,8:54,9:07,9:54,10:08,10:16,9:20,10:14,10:08,10:29,10:26,10:31,10:35,10:24,13:39,11:11,11:43.3,14:38,47
468,M,Hollywood,TN,US,3:47,7:02,8:40,8:17,8:57,8:48,9:18,9:41,9:51,8:52,8:41,8:42,11:05,8:53,12:55,10:37,11:45,11:23,11:37,12:57,11:46.8,14:38,40
469,F,Guin,AL,US,4:51,9:40,9:09,9:50,9:21,9:45,9:26,9:57,9:53,10:22,10:37,10:42,10:53,10:43,11:24,10:50,10:21,10:54,5:15,11:11,15:03.4,14:53,56
470,F,Huntsville,AL,US,3:35,8:28,8:59,9:32,9:30,9:47,9:39,9:35,9:37,10:16,10:26,9:44,10:27,10:33,10:44,10:43,11:09,11:13,11:12,11:05,16:15.1,14:59,29
471,F,Madison,AL,US,3:36,8:28,8:59,9:31,9:31,9:48,9:39,9:35,9:39,10:16,10:27,9:42,10:29,10:33,10:42,10:41,11:12,11:14,11:11,11:06,16:16.0,14:59,33
472,M,Athens,AL,US,3:47,5:57,6:59,7:24,8:08,18:36,9:53,9:02,9:39,10:52,10:51,10:18,10:22,11:16,11:46,11:32,10:26,13:55,10:27,8:11,19:22.0,15:13,29
473,M,Huntsville,AL,US,3:42,6:50,8:59,8:53,8:52,9:07,9:17,9:28,10:20,9:58,10:06,10:16,9:32,10:31,10:55,11:24,12:21,11:56,13:02,14:00,19:28.0,15:14,59
474,F,Chicago,IL,US,4:55,9:04,9:17,9:37,9:18,10:13,9:27,9:41,9:30,10:10,9:53,10:16,10:15,10:35,10:08,10:47,11:16,10:16,13:27,11:46,19:51.1,15:15,44
475,M,Trussville,AL,US,3:54,8:53,9:36,9:30,9:45,10:36,9:53,9:47,10:16,11:08,9:50,10:19,10:28,10:09,10:11,9:49,9:54,9:52,14:31,11:29,19:52.4,15:15,48
476,F,Huntsville,AL,US,3:45,7:04,9:21,9:32,9:44,9:53,9:40,9:59,10:22,10:13,10:10,11:01,10:29,10:26,10:39,10:47,10:58,11:27,12:23,12:39,20:29.6,15:18,64
477,F,Madison,AL,US,4:51,9:37,9:27,9:30,10:07,10:02,10:35,10:33,10:50,11:06,10:42,10:13,10:34,10:25,9:57,10:13,10:14,10:31,10:58,10:17,20:41.9,15:19,48
478,F,Owens Cross Roads,AL,US,4:37,9:59,10:09,10:25,10:08,10:05,10:36,10:03,10:10,10:20,10:03,9:54,10:23,10:24,10:36,10:31,11:07,10:58,11:10,11:44,23:22.7,15:32,64
479,F,AlbertvilleAlbertville,AL,US,3:31,6:11,9:09,9:06,9:20,37:46:00,8:30,8:50,9:02,9:04,9:05,9:17,9:23,10:32,9:33,9:40,9:10,9:51,10:38,8:57,26:33.9,15:46,25
480,F,Harvest,AL,US,4:31,4:46,10:33,11:01,10:46,10:25,14:50,11:41,11:29,12:38,11:26,10:45,10:26,10:39,10:30,13:38,10:10,10:40,10:06,8:46,29:44.0,16:01,30
481,M,Spring Hill,FL,US,3:41,6:42,16:30,9:34,9:55,10:10,10:20,10:27,11:01,11:08,10:41,10:19,10:53,11:46,11:42,13:03,12:19,12:30,11:38,5:40,29:58.7,16:02,31
482,F,Eustis,FL,US,3:41,6:41,16:31,9:35,9:54,10:11,10:18,10:29,11:00,11:08,10:41,10:20,10:51,11:47,11:43,13:03,12:19,12:31,11:37,5:41,29:59.1,16:02,27
483,F,Birmingham,AL,US,4:08,9:11,9:38,10:21,10:28,10:38,10:47,10:39,10:44,10:55,10:52,11:08,11:23,11:27,11:43,11:41,11:20,11:16,11:27,10:50,30:35.2,16:05,24
484,F,Huntsville,AL,US,4:04,9:48,10:18,9:42,9:54,9:52,10:06,10:36,11:02,11:04,10:48,11:26,11:20,11:34,11:51,11:40,12:06,12:49,11:50,9:08,30:58.7,16:06,41
485,F,Toney,AL,US,3:28,9:13,9:26,10:21,10:38,10:41,11:54,10:03,9:01,21:17,9:15,11:11,11:40,12:07,10:06,11:42,11:41,12:26,10:38,4:33,31:21.1,16:08,26
486,F,Madison,AL,US,6:25,11:11,10:30,10:42,10:33,10:44,10:13,10:21,10:41,10:51,11:04,11:26,11:10,11:42,11:34,11:50,13:23,11:13,11:16,10:56,37:44.4,16:37,60
487,M,Harvest,AL,US,40:38:00,2:45,7:21,7:40,9:11,9:05,9:53,9:56,10:11,9:57,9:47,9:40,10:11,10:37,10:59,11:03,11:25,10:42,10:47,11:22,43:10.2,17:02,66
488,M,Atlanta,GA,US,43:28:00,7:18,7:39,9:09,9:08,9:51,9:56,10:12,9:56,9:47,9:38,8:12,9:34,9:57,10:21,10:05,10:24,10:25,11:15,11:30,47:44.3,17:23,51
489,F,Atlanta,GA,US,43:21:00,9:13,9:36,10:52,10:31,11:05,11:20,10:29,9:28,9:46,9:00,9:52,8:51,10:45,9:57,10:49,11:32,11:36,11:22,11:34,01:00.5,18:24,49
490,F,Harvest,AL,US,40:16:00,9:38,10:14,10:19,9:51,9:39,10:24,10:12,11:01,10:58,11:02,10:14,10:01,10:17,10:21,10:29,11:32,11:37,11:23,11:33,01:01.8,18:24,60
491,F,Hazel Green,AL,US,5:08,12:30,13:28,21:20,12:32,14:49,4:59,13:10,13:39,13:03,13:17,13:40,14:07,12:47,14:26,13:40,14:09,13:44,12:58,11:51,19:19.6,19:48,51
492,F,Harvest,AL,US,40:16:00,9:28,9:20,9:17,9:38,11:57,10:24,10:11,11:03,12:04,10:44,9:50,9:22,10:05,10:17,11:06,30:48:00,5:50,15:13,13:55,20:47.6,19:54,33
493,F,Huntsville,AL,US,5:14,11:07,11:44,12:34,12:58,13:26,13:33,14:36,15:04,14:02,14:20,16:00,15:15,14:36,15:58,13:29,16:11,13:30,15:13,14:59,33:49.0,20:54,25
,,,,,,,,,,,,,,,,,,,,,,,,,Time,,